CHANNEL,EVENT,CLIP NAME,START TIME,END TIME,DURATION,STATE,Beats,Frames
1,1,Heartbeat Tempo Mapped-11.L   ,00:00:03:10,00:00:03:29,00:00:00:18,Unmuted,1,100
1,2,Heartbeat Tempo Mapped-91.L   ,00:00:03:29,00:00:04:07,00:00:00:08,Unmuted,0,119
1,3,Heartbeat Tempo Mapped-92.L   ,00:00:04:07,00:00:04:25,00:00:00:17,Unmuted,1,127
1,4,Heartbeat Tempo Mapped-93.L   ,00:00:04:25,00:00:05:03,00:00:00:08,Unmuted,0,145
1,5,Heartbeat Tempo Mapped-37.L   ,00:00:05:03,00:00:05:21,00:00:00:17,Unmuted,1,153
1,6,Heartbeat Tempo Mapped-38.L   ,00:00:05:21,00:00:06:00,00:00:00:08,Unmuted,0,171
1,7,Heartbeat Tempo Mapped-39.L   ,00:00:06:00,00:00:06:17,00:00:00:17,Unmuted,1,180
1,8,Heartbeat Tempo Mapped-84.L   ,00:00:06:17,00:00:06:25,00:00:00:08,Unmuted,0,197
1,10,Heartbeat Tempo Mapped-42.L   ,00:00:06:25,00:00:07:13,00:00:00:17,Unmuted,1,205
1,11,Heartbeat Tempo Mapped-34.L   ,00:00:07:13,00:00:07:20,00:00:00:07,Unmuted,0,223
1,12,Heartbeat Tempo Mapped-35.L   ,00:00:07:20,00:00:08:08,00:00:00:18,Unmuted,1,230
1,13,Heartbeat Tempo Mapped-36.L   ,00:00:08:08,00:00:08:16,00:00:00:07,Unmuted,0,248
1,14,Heartbeat Tempo Mapped-37.L   ,00:00:08:16,00:00:09:04,00:00:00:17,Unmuted,1,256
1,15,Heartbeat Tempo Mapped-38.L   ,00:00:09:04,00:00:09:12,00:00:00:08,Unmuted,0,274
1,16,Heartbeat Tempo Mapped-39.L   ,00:00:09:12,00:00:10:00,00:00:00:17,Unmuted,1,282
1,17,Heartbeat Tempo Mapped-84.L   ,00:00:10:00,00:00:10:08,00:00:00:08,Unmuted,0,300
1,19,Heartbeat Tempo Mapped-42.L   ,00:00:10:08,00:00:10:26,00:00:00:17,Unmuted,1,308
1,20,Heartbeat Tempo Mapped-34.L   ,00:00:10:26,00:00:11:03,00:00:00:07,Unmuted,0,326
1,21,Heartbeat Tempo Mapped-35.L   ,00:00:11:03,00:00:11:21,00:00:00:18,Unmuted,1,333
1,22,Heartbeat Tempo Mapped-36.L   ,00:00:11:21,00:00:11:29,00:00:00:07,Unmuted,0,351
1,23,Heartbeat Tempo Mapped-37.L   ,00:00:11:29,00:00:12:17,00:00:00:17,Unmuted,1,359
1,24,Heartbeat Tempo Mapped-38.L   ,00:00:12:17,00:00:12:25,00:00:00:08,Unmuted,0,377
1,25,Heartbeat Tempo Mapped-39.L   ,00:00:12:25,00:00:13:13,00:00:00:17,Unmuted,1,385
1,26,Heartbeat Tempo Mapped-84.L   ,00:00:13:13,00:00:13:21,00:00:00:08,Unmuted,0,403
1,28,Heartbeat Tempo Mapped-42.L   ,00:00:13:21,00:00:14:08,00:00:00:17,Unmuted,1,411
1,29,Heartbeat Tempo Mapped-34.L   ,00:00:14:08,00:00:14:16,00:00:00:07,Unmuted,0,428
1,30,Heartbeat Tempo Mapped-35.L   ,00:00:14:16,00:00:15:04,00:00:00:18,Unmuted,1,436
1,31,Heartbeat Tempo Mapped-36.L   ,00:00:15:04,00:00:15:12,00:00:00:07,Unmuted,0,454
1,32,Heartbeat Tempo Mapped-37.L   ,00:00:15:12,00:00:16:00,00:00:00:17,Unmuted,1,462
1,33,Heartbeat Tempo Mapped-38.L   ,00:00:16:00,00:00:16:08,00:00:00:08,Unmuted,0,480
1,34,Heartbeat Tempo Mapped-39.L   ,00:00:16:08,00:00:16:26,00:00:00:17,Unmuted,1,488
1,35,Heartbeat Tempo Mapped-84.L   ,00:00:16:26,00:00:17:04,00:00:00:08,Unmuted,0,506
1,37,Heartbeat Tempo Mapped-42.L   ,00:00:17:04,00:00:17:21,00:00:00:17,Unmuted,1,514
1,38,Heartbeat Tempo Mapped-34.L   ,00:00:17:21,00:00:17:29,00:00:00:07,Unmuted,0,531
1,39,Heartbeat Tempo Mapped-35.L   ,00:00:17:29,00:00:18:17,00:00:00:18,Unmuted,1,539
1,40,Heartbeat Tempo Mapped-36.L   ,00:00:18:17,00:00:18:25,00:00:00:07,Unmuted,0,557
1,41,Heartbeat Tempo Mapped-37.L   ,00:00:18:25,00:00:19:13,00:00:00:17,Unmuted,1,565
1,42,Heartbeat Tempo Mapped-38.L   ,00:00:19:13,00:00:19:21,00:00:00:08,Unmuted,0,583
1,43,Heartbeat Tempo Mapped-39.L   ,00:00:19:21,00:00:20:08,00:00:00:17,Unmuted,1,591
1,44,Heartbeat Tempo Mapped-84.L   ,00:00:20:08,00:00:20:16,00:00:00:08,Unmuted,0,608
1,46,Heartbeat Tempo Mapped-42.L   ,00:00:20:17,00:00:21:04,00:00:00:17,Unmuted,1,617
1,47,Heartbeat Tempo Mapped-34.L   ,00:00:21:04,00:00:21:12,00:00:00:07,Unmuted,0,634
1,48,Heartbeat Tempo Mapped-35.L   ,00:00:21:12,00:00:22:00,00:00:00:18,Unmuted,1,642
1,49,Heartbeat Tempo Mapped-36.L   ,00:00:22:00,00:00:22:08,00:00:00:07,Unmuted,0,660
1,50,Heartbeat Tempo Mapped-37.L   ,00:00:22:08,00:00:22:25,00:00:00:17,Unmuted,1,668
1,51,Heartbeat Tempo Mapped-38.L   ,00:00:22:25,00:00:23:04,00:00:00:08,Unmuted,0,685
1,52,Heartbeat Tempo Mapped-39.L   ,00:00:23:04,00:00:23:21,00:00:00:17,Unmuted,1,694
1,53,Heartbeat Tempo Mapped-84.L   ,00:00:23:21,00:00:23:29,00:00:00:08,Unmuted,0,711
1,55,Heartbeat Tempo Mapped-42.L   ,00:00:24:00,00:00:24:17,00:00:00:17,Unmuted,1,720
1,56,Heartbeat Tempo Mapped-34.L   ,00:00:24:17,00:00:24:25,00:00:00:07,Unmuted,0,737
1,57,Heartbeat Tempo Mapped-35.L   ,00:00:24:25,00:00:25:13,00:00:00:18,Unmuted,1,745
1,58,Heartbeat Tempo Mapped-36.L   ,00:00:25:13,00:00:25:21,00:00:00:07,Unmuted,0,763
1,59,Heartbeat Tempo Mapped-37.L   ,00:00:25:21,00:00:26:08,00:00:00:17,Unmuted,1,771
1,60,Heartbeat Tempo Mapped-38.L   ,00:00:26:08,00:00:26:17,00:00:00:08,Unmuted,0,788
1,61,Heartbeat Tempo Mapped-39.L   ,00:00:26:17,00:00:27:04,00:00:00:17,Unmuted,1,797
1,62,Heartbeat Tempo Mapped-84.L   ,00:00:27:04,00:00:27:12,00:00:00:08,Unmuted,0,814
1,64,Heartbeat Tempo Mapped-42.L   ,00:00:27:12,00:00:28:00,00:00:00:17,Unmuted,1,822
1,65,Heartbeat Tempo Mapped-34.L   ,00:00:28:00,00:00:28:08,00:00:00:07,Unmuted,0,840
1,66,Heartbeat Tempo Mapped-35.L   ,00:00:28:08,00:00:28:26,00:00:00:18,Unmuted,1,848
1,67,Heartbeat Tempo Mapped-36.L   ,00:00:28:26,00:00:29:03,00:00:00:07,Unmuted,0,866
1,68,Heartbeat Tempo Mapped-37.L   ,00:00:29:03,00:00:29:21,00:00:00:17,Unmuted,1,873
1,69,Heartbeat Tempo Mapped-38.L   ,00:00:29:21,00:00:30:00,00:00:00:08,Unmuted,0,891
1,70,Heartbeat Tempo Mapped-39.L   ,00:00:30:00,00:00:30:17,00:00:00:17,Unmuted,1,900
1,71,Heartbeat Tempo Mapped-84.L   ,00:00:30:17,00:00:30:25,00:00:00:08,Unmuted,0,917
1,73,Heartbeat Tempo Mapped-42.L   ,00:00:30:25,00:00:31:13,00:00:00:17,Unmuted,1,925
1,74,Heartbeat Tempo Mapped-34.L   ,00:00:31:13,00:00:31:20,00:00:00:07,Unmuted,0,943
1,75,Heartbeat Tempo Mapped-35.L   ,00:00:31:20,00:00:32:08,00:00:00:18,Unmuted,1,950
1,76,Heartbeat Tempo Mapped-36.L   ,00:00:32:08,00:00:32:16,00:00:00:07,Unmuted,0,968
1,77,Heartbeat Tempo Mapped-37.L   ,00:00:32:16,00:00:33:04,00:00:00:17,Unmuted,1,976
1,78,Heartbeat Tempo Mapped-38.L   ,00:00:33:04,00:00:33:12,00:00:00:08,Unmuted,0,994
1,79,Heartbeat Tempo Mapped-39.L   ,00:00:33:12,00:00:34:00,00:00:00:17,Unmuted,1,1002
1,80,Heartbeat Tempo Mapped-84.L   ,00:00:34:00,00:00:34:08,00:00:00:08,Unmuted,0,1020
1,82,Heartbeat Tempo Mapped-42.L   ,00:00:34:08,00:00:34:26,00:00:00:17,Unmuted,1,1028
1,83,Heartbeat Tempo Mapped-34.L   ,00:00:34:26,00:00:35:03,00:00:00:07,Unmuted,0,1046
1,84,Heartbeat Tempo Mapped-35.L   ,00:00:35:03,00:00:35:21,00:00:00:18,Unmuted,1,1053
1,85,Heartbeat Tempo Mapped-36.L   ,00:00:35:21,00:00:35:29,00:00:00:07,Unmuted,0,1071
1,86,Heartbeat Tempo Mapped-37.L   ,00:00:35:29,00:00:36:17,00:00:00:17,Unmuted,1,1079
1,87,Heartbeat Tempo Mapped-38.L   ,00:00:36:17,00:00:36:25,00:00:00:08,Unmuted,0,1097
1,88,Heartbeat Tempo Mapped-39.L   ,00:00:36:25,00:00:37:13,00:00:00:17,Unmuted,1,1105
1,89,Heartbeat Tempo Mapped-84.L   ,00:00:37:13,00:00:37:21,00:00:00:08,Unmuted,0,1123
1,91,Heartbeat Tempo Mapped-42.L   ,00:00:37:21,00:00:38:08,00:00:00:17,Unmuted,1,1131
1,92,Heartbeat Tempo Mapped-34.L   ,00:00:38:08,00:00:38:16,00:00:00:07,Unmuted,0,1148
1,93,Heartbeat Tempo Mapped-35.L   ,00:00:38:16,00:00:39:04,00:00:00:18,Unmuted,1,1156
1,94,Heartbeat Tempo Mapped-36.L   ,00:00:39:04,00:00:39:12,00:00:00:07,Unmuted,0,1174
1,95,Heartbeat Tempo Mapped-37.L   ,00:00:39:12,00:00:40:00,00:00:00:17,Unmuted,1,1182
1,96,Heartbeat Tempo Mapped-38.L   ,00:00:40:00,00:00:40:08,00:00:00:08,Unmuted,0,1200
1,97,Heartbeat Tempo Mapped-39.L   ,00:00:40:08,00:00:40:26,00:00:00:17,Unmuted,1,1208
1,98,Heartbeat Tempo Mapped-84.L   ,00:00:40:26,00:00:41:04,00:00:00:08,Unmuted,0,1226
1,100,Heartbeat Tempo Mapped-42.L   ,00:00:41:04,00:00:41:21,00:00:00:17,Unmuted,1,1234
1,101,Heartbeat Tempo Mapped-34.L   ,00:00:41:21,00:00:41:29,00:00:00:07,Unmuted,0,1251
1,102,Heartbeat Tempo Mapped-35.L   ,00:00:41:29,00:00:42:17,00:00:00:18,Unmuted,1,1259
1,103,Heartbeat Tempo Mapped-36.L   ,00:00:42:17,00:00:42:25,00:00:00:07,Unmuted,0,1277
1,104,Heartbeat Tempo Mapped-37.L   ,00:00:42:25,00:00:43:13,00:00:00:17,Unmuted,1,1285
1,105,Heartbeat Tempo Mapped-38.L   ,00:00:43:13,00:00:43:21,00:00:00:08,Unmuted,0,1303
1,106,Heartbeat Tempo Mapped-39.L   ,00:00:43:21,00:00:44:08,00:00:00:17,Unmuted,1,1311
1,107,Heartbeat Tempo Mapped-84.L   ,00:00:44:08,00:00:44:16,00:00:00:08,Unmuted,0,1328
1,109,Heartbeat Tempo Mapped-42.L   ,00:00:44:17,00:00:45:04,00:00:00:17,Unmuted,1,1337
1,110,Heartbeat Tempo Mapped-34.L   ,00:00:45:04,00:00:45:12,00:00:00:07,Unmuted,0,1354
1,111,Heartbeat Tempo Mapped-35.L   ,00:00:45:12,00:00:46:00,00:00:00:18,Unmuted,1,1362
1,112,Heartbeat Tempo Mapped-36.L   ,00:00:46:00,00:00:46:08,00:00:00:07,Unmuted,0,1380
1,113,Heartbeat Tempo Mapped-37.L   ,00:00:46:08,00:00:46:25,00:00:00:17,Unmuted,1,1388
1,114,Heartbeat Tempo Mapped-38.L   ,00:00:46:25,00:00:47:04,00:00:00:08,Unmuted,0,1405
1,115,Heartbeat Tempo Mapped-39.L   ,00:00:47:04,00:00:47:21,00:00:00:17,Unmuted,1,1414
1,116,Heartbeat Tempo Mapped-84.L   ,00:00:47:21,00:00:47:29,00:00:00:08,Unmuted,0,1431
1,118,Heartbeat Tempo Mapped-42.L   ,00:00:48:00,00:00:48:17,00:00:00:17,Unmuted,1,1440
1,119,Heartbeat Tempo Mapped-34.L   ,00:00:48:17,00:00:48:25,00:00:00:07,Unmuted,0,1457
1,120,Heartbeat Tempo Mapped-35.L   ,00:00:48:25,00:00:49:13,00:00:00:18,Unmuted,1,1465
1,121,Heartbeat Tempo Mapped-36.L   ,00:00:49:13,00:00:49:21,00:00:00:07,Unmuted,0,1483
1,122,Heartbeat Tempo Mapped-37.L   ,00:00:49:21,00:00:50:08,00:00:00:17,Unmuted,1,1491
1,123,Heartbeat Tempo Mapped-38.L   ,00:00:50:08,00:00:50:17,00:00:00:08,Unmuted,0,1508
1,124,Heartbeat Tempo Mapped-39.L   ,00:00:50:17,00:00:51:04,00:00:00:17,Unmuted,1,1517
1,125,Heartbeat Tempo Mapped-84.L   ,00:00:51:04,00:00:51:12,00:00:00:08,Unmuted,0,1534
1,127,Heartbeat Tempo Mapped-42.L   ,00:00:51:12,00:00:52:00,00:00:00:17,Unmuted,1,1542
1,128,Heartbeat Tempo Mapped-34.L   ,00:00:52:00,00:00:52:08,00:00:00:07,Unmuted,0,1560
1,129,Heartbeat Tempo Mapped-35.L   ,00:00:52:08,00:00:52:26,00:00:00:18,Unmuted,1,1568
1,130,Heartbeat Tempo Mapped-36.L   ,00:00:52:26,00:00:53:03,00:00:00:07,Unmuted,0,1586
1,131,Heartbeat Tempo Mapped-37.L   ,00:00:53:03,00:00:53:21,00:00:00:17,Unmuted,1,1593
1,132,Heartbeat Tempo Mapped-38.L   ,00:00:53:21,00:00:54:00,00:00:00:08,Unmuted,0,1611
1,133,Heartbeat Tempo Mapped-39.L   ,00:00:54:00,00:00:54:17,00:00:00:17,Unmuted,1,1620
1,134,Heartbeat Tempo Mapped-84.L   ,00:00:54:17,00:00:54:25,00:00:00:08,Unmuted,0,1637
1,136,Heartbeat Tempo Mapped-42.L   ,00:00:54:25,00:00:55:13,00:00:00:17,Unmuted,1,1645
1,137,Heartbeat Tempo Mapped-34.L   ,00:00:55:13,00:00:55:20,00:00:00:07,Unmuted,0,1663
1,138,Heartbeat Tempo Mapped-35.L   ,00:00:55:20,00:00:56:08,00:00:00:18,Unmuted,1,1670
1,139,Heartbeat Tempo Mapped-36.L   ,00:00:56:08,00:00:56:16,00:00:00:07,Unmuted,0,1688
1,140,Heartbeat Tempo Mapped-37.L   ,00:00:56:16,00:00:57:04,00:00:00:17,Unmuted,1,1696
1,141,Heartbeat Tempo Mapped-38.L   ,00:00:57:04,00:00:57:12,00:00:00:08,Unmuted,0,1714
1,142,Heartbeat Tempo Mapped-39.L   ,00:00:57:12,00:00:58:00,00:00:00:17,Unmuted,1,1722
1,143,Heartbeat Tempo Mapped-84.L   ,00:00:58:00,00:00:58:08,00:00:00:08,Unmuted,0,1740
1,145,Heartbeat Tempo Mapped-42.L   ,00:00:58:08,00:00:58:26,00:00:00:17,Unmuted,1,1748
1,146,Heartbeat Tempo Mapped-34.L   ,00:00:58:26,00:00:59:03,00:00:00:07,Unmuted,0,1766
1,147,Heartbeat Tempo Mapped-35.L   ,00:00:59:03,00:00:59:21,00:00:00:18,Unmuted,1,1773
1,148,Heartbeat Tempo Mapped-36.L   ,00:00:59:21,00:00:59:29,00:00:00:07,Unmuted,0,1791
1,149,Heartbeat Tempo Mapped-37.L   ,00:00:59:29,00:01:00:17,00:00:00:17,Unmuted,1,1799
1,150,Heartbeat Tempo Mapped-38.L   ,00:01:00:17,00:01:00:25,00:00:00:08,Unmuted,0,1817
1,151,Heartbeat Tempo Mapped-39.L   ,00:01:00:25,00:01:01:13,00:00:00:17,Unmuted,1,1825
1,152,Heartbeat Tempo Mapped-84.L   ,00:01:01:13,00:01:01:21,00:00:00:08,Unmuted,0,1843
1,154,Heartbeat Tempo Mapped-42.L   ,00:01:01:21,00:01:02:08,00:00:00:17,Unmuted,1,1851
1,155,Heartbeat Tempo Mapped-34.L   ,00:01:02:08,00:01:02:16,00:00:00:07,Unmuted,0,1868
1,156,Heartbeat Tempo Mapped-35.L   ,00:01:02:16,00:01:03:04,00:00:00:18,Unmuted,1,1876
1,157,Heartbeat Tempo Mapped-36.L   ,00:01:03:04,00:01:03:12,00:00:00:07,Unmuted,0,1894
1,158,Heartbeat Tempo Mapped-37.L   ,00:01:03:12,00:01:04:00,00:00:00:17,Unmuted,1,1902
1,159,Heartbeat Tempo Mapped-38.L   ,00:01:04:00,00:01:04:08,00:00:00:08,Unmuted,0,1920
1,160,Heartbeat Tempo Mapped-39.L   ,00:01:04:08,00:01:04:26,00:00:00:17,Unmuted,1,1928
1,161,Heartbeat Tempo Mapped-84.L   ,00:01:04:26,00:01:05:04,00:00:00:08,Unmuted,0,1946
1,163,Heartbeat Tempo Mapped-42.L   ,00:01:05:04,00:01:05:21,00:00:00:17,Unmuted,1,1954
1,164,Heartbeat Tempo Mapped-34.L   ,00:01:05:21,00:01:05:29,00:00:00:07,Unmuted,0,1971
1,165,Heartbeat Tempo Mapped-35.L   ,00:01:05:29,00:01:06:17,00:00:00:18,Unmuted,1,1979
1,166,Heartbeat Tempo Mapped-36.L   ,00:01:06:17,00:01:06:25,00:00:00:07,Unmuted,0,1997
1,167,Heartbeat Tempo Mapped-37.L   ,00:01:06:25,00:01:07:13,00:00:00:17,Unmuted,1,2005
1,168,Heartbeat Tempo Mapped-38.L   ,00:01:07:13,00:01:07:21,00:00:00:08,Unmuted,0,2023
1,169,Heartbeat Tempo Mapped-39.L   ,00:01:07:21,00:01:08:08,00:00:00:17,Unmuted,1,2031
1,170,Heartbeat Tempo Mapped-84.L   ,00:01:08:08,00:01:08:16,00:00:00:08,Unmuted,0,2048
1,172,Heartbeat Tempo Mapped-42.L   ,00:01:08:17,00:01:09:04,00:00:00:17,Unmuted,1,2057
1,173,Heartbeat Tempo Mapped-34.L   ,00:01:09:04,00:01:09:12,00:00:00:07,Unmuted,0,2074
1,174,Heartbeat Tempo Mapped-35.L   ,00:01:09:12,00:01:10:00,00:00:00:18,Unmuted,1,2082
1,175,Heartbeat Tempo Mapped-36.L   ,00:01:10:00,00:01:10:08,00:00:00:07,Unmuted,0,2100
1,176,Heartbeat Tempo Mapped-37.L   ,00:01:10:08,00:01:10:25,00:00:00:17,Unmuted,1,2108
1,177,Heartbeat Tempo Mapped-38.L   ,00:01:10:25,00:01:11:04,00:00:00:08,Unmuted,0,2125
1,178,Heartbeat Tempo Mapped-39.L   ,00:01:11:04,00:01:11:21,00:00:00:17,Unmuted,1,2134
1,179,Heartbeat Tempo Mapped-84.L   ,00:01:11:21,00:01:11:29,00:00:00:08,Unmuted,0,2151
1,181,Heartbeat Tempo Mapped-42.L   ,00:01:12:00,00:01:12:17,00:00:00:17,Unmuted,1,2160
1,182,Heartbeat Tempo Mapped-34.L   ,00:01:12:17,00:01:12:25,00:00:00:07,Unmuted,0,2177
1,183,Heartbeat Tempo Mapped-35.L   ,00:01:12:25,00:01:13:13,00:00:00:18,Unmuted,1,2185
1,184,Heartbeat Tempo Mapped-36.L   ,00:01:13:13,00:01:13:21,00:00:00:07,Unmuted,0,2203
1,185,Heartbeat Tempo Mapped-37.L   ,00:01:13:21,00:01:14:08,00:00:00:17,Unmuted,1,2211
1,186,Heartbeat Tempo Mapped-38.L   ,00:01:14:08,00:01:14:17,00:00:00:08,Unmuted,0,2228
1,187,Heartbeat Tempo Mapped-39.L   ,00:01:14:17,00:01:15:04,00:00:00:17,Unmuted,1,2237
1,188,Heartbeat Tempo Mapped-84.L   ,00:01:15:04,00:01:15:12,00:00:00:08,Unmuted,0,2254
1,190,Heartbeat Tempo Mapped-42.L   ,00:01:15:12,00:01:16:00,00:00:00:17,Unmuted,1,2262
1,191,Heartbeat Tempo Mapped-34.L   ,00:01:16:00,00:01:16:08,00:00:00:07,Unmuted,0,2280
1,192,Heartbeat Tempo Mapped-35.L   ,00:01:16:08,00:01:16:26,00:00:00:18,Unmuted,1,2288
1,193,Heartbeat Tempo Mapped-36.L   ,00:01:16:26,00:01:17:03,00:00:00:07,Unmuted,0,2306
1,194,Heartbeat Tempo Mapped-37.L   ,00:01:17:03,00:01:17:21,00:00:00:17,Unmuted,1,2313
1,195,Heartbeat Tempo Mapped-38.L   ,00:01:17:21,00:01:18:00,00:00:00:08,Unmuted,0,2331
1,196,Heartbeat Tempo Mapped-39.L   ,00:01:18:00,00:01:18:17,00:00:00:17,Unmuted,1,2340
1,197,Heartbeat Tempo Mapped-84.L   ,00:01:18:17,00:01:18:25,00:00:00:08,Unmuted,0,2357
1,199,Heartbeat Tempo Mapped-42.L   ,00:01:18:25,00:01:19:13,00:00:00:17,Unmuted,1,2365
1,200,Heartbeat Tempo Mapped-34.L   ,00:01:19:13,00:01:19:20,00:00:00:07,Unmuted,0,2383
1,201,Heartbeat Tempo Mapped-35.L   ,00:01:19:20,00:01:20:08,00:00:00:18,Unmuted,1,2390
1,202,Heartbeat Tempo Mapped-36.L   ,00:01:20:08,00:01:20:16,00:00:00:07,Unmuted,0,2408
1,203,Heartbeat Tempo Mapped-37.L   ,00:01:20:16,00:01:21:04,00:00:00:17,Unmuted,1,2416
1,204,Heartbeat Tempo Mapped-38.L   ,00:01:21:04,00:01:21:12,00:00:00:08,Unmuted,0,2434
1,205,Heartbeat Tempo Mapped-39.L   ,00:01:21:12,00:01:22:00,00:00:00:17,Unmuted,1,2442
1,206,Heartbeat Tempo Mapped-84.L   ,00:01:22:00,00:01:22:08,00:00:00:08,Unmuted,0,2460
1,208,Heartbeat Tempo Mapped-42.L   ,00:01:22:08,00:01:22:26,00:00:00:17,Unmuted,1,2468
1,209,Heartbeat Tempo Mapped-34.L   ,00:01:22:26,00:01:23:03,00:00:00:07,Unmuted,0,2486
1,210,Heartbeat Tempo Mapped-35.L   ,00:01:23:03,00:01:23:21,00:00:00:18,Unmuted,1,2493
1,211,Heartbeat Tempo Mapped-36.L   ,00:01:23:21,00:01:23:29,00:00:00:07,Unmuted,0,2511
1,212,Heartbeat Tempo Mapped-37.L   ,00:01:23:29,00:01:24:17,00:00:00:17,Unmuted,1,2519
1,213,Heartbeat Tempo Mapped-38.L   ,00:01:24:17,00:01:24:25,00:00:00:08,Unmuted,0,2537
1,214,Heartbeat Tempo Mapped-39.L   ,00:01:24:25,00:01:25:13,00:00:00:17,Unmuted,1,2545
1,215,Heartbeat Tempo Mapped-84.L   ,00:01:25:13,00:01:25:21,00:00:00:08,Unmuted,0,2563
1,217,Heartbeat Tempo Mapped-42.L   ,00:01:25:21,00:01:26:08,00:00:00:17,Unmuted,1,2571
1,218,Heartbeat Tempo Mapped-34.L   ,00:01:26:08,00:01:26:16,00:00:00:07,Unmuted,0,2588
1,219,Heartbeat Tempo Mapped-35.L   ,00:01:26:16,00:01:27:04,00:00:00:18,Unmuted,1,2596
1,220,Heartbeat Tempo Mapped-36.L   ,00:01:27:04,00:01:27:12,00:00:00:07,Unmuted,0,2614
1,221,Heartbeat Tempo Mapped-37.L   ,00:01:27:12,00:01:28:00,00:00:00:17,Unmuted,1,2622
1,222,Heartbeat Tempo Mapped-38.L   ,00:01:28:00,00:01:28:08,00:00:00:08,Unmuted,0,2640
1,223,Heartbeat Tempo Mapped-39.L   ,00:01:28:08,00:01:28:26,00:00:00:17,Unmuted,1,2648
1,224,Heartbeat Tempo Mapped-84.L   ,00:01:28:26,00:01:29:04,00:00:00:08,Unmuted,0,2666
1,226,Heartbeat Tempo Mapped-42.L   ,00:01:29:04,00:01:29:21,00:00:00:17,Unmuted,1,2674
1,227,Heartbeat Tempo Mapped-34.L   ,00:01:29:21,00:01:29:29,00:00:00:07,Unmuted,0,2691
1,228,Heartbeat Tempo Mapped-35.L   ,00:01:29:29,00:01:30:17,00:00:00:18,Unmuted,1,2699
1,229,Heartbeat Tempo Mapped-36.L   ,00:01:30:17,00:01:30:25,00:00:00:07,Unmuted,0,2717
1,230,Heartbeat Tempo Mapped-37.L   ,00:01:30:25,00:01:31:13,00:00:00:17,Unmuted,1,2725
1,231,Heartbeat Tempo Mapped-38.L   ,00:01:31:13,00:01:31:21,00:00:00:08,Unmuted,0,2743
1,232,Heartbeat Tempo Mapped-39.L   ,00:01:31:21,00:01:32:08,00:00:00:17,Unmuted,1,2751
1,233,Heartbeat Tempo Mapped-84.L   ,00:01:32:08,00:01:32:16,00:00:00:08,Unmuted,0,2768
1,235,Heartbeat Tempo Mapped-42.L   ,00:01:32:17,00:01:33:04,00:00:00:17,Unmuted,1,2777
1,236,Heartbeat Tempo Mapped-34.L   ,00:01:33:04,00:01:33:12,00:00:00:07,Unmuted,0,2794
1,237,Heartbeat Tempo Mapped-35.L   ,00:01:33:12,00:01:34:00,00:00:00:18,Unmuted,1,2802
1,238,Heartbeat Tempo Mapped-36.L   ,00:01:34:00,00:01:34:08,00:00:00:07,Unmuted,0,2820
1,239,Heartbeat Tempo Mapped-37.L   ,00:01:34:08,00:01:34:25,00:00:00:17,Unmuted,1,2828
1,240,Heartbeat Tempo Mapped-38.L   ,00:01:34:25,00:01:35:04,00:00:00:08,Unmuted,0,2845
1,241,Heartbeat Tempo Mapped-39.L   ,00:01:35:04,00:01:35:21,00:00:00:17,Unmuted,1,2854
1,242,Heartbeat Tempo Mapped-84.L   ,00:01:35:21,00:01:35:29,00:00:00:08,Unmuted,0,2871
1,244,Heartbeat Tempo Mapped-42.L   ,00:01:36:00,00:01:36:17,00:00:00:17,Unmuted,1,2880
1,245,Heartbeat Tempo Mapped-34.L   ,00:01:36:17,00:01:36:25,00:00:00:07,Unmuted,0,2897
1,246,Heartbeat Tempo Mapped-35.L   ,00:01:36:25,00:01:37:13,00:00:00:18,Unmuted,1,2905
1,247,Heartbeat Tempo Mapped-36.L   ,00:01:37:13,00:01:37:21,00:00:00:07,Unmuted,0,2923
1,248,Heartbeat Tempo Mapped-37.L   ,00:01:37:21,00:01:38:08,00:00:00:17,Unmuted,1,2931
1,249,Heartbeat Tempo Mapped-38.L   ,00:01:38:08,00:01:38:17,00:00:00:08,Unmuted,0,2948
1,250,Heartbeat Tempo Mapped-39.L   ,00:01:38:17,00:01:39:04,00:00:00:17,Unmuted,1,2957
1,251,Heartbeat Tempo Mapped-84.L   ,00:01:39:04,00:01:39:12,00:00:00:08,Unmuted,0,2974
1,253,Heartbeat Tempo Mapped-42.L   ,00:01:39:12,00:01:40:00,00:00:00:17,Unmuted,1,2982
1,254,Heartbeat Tempo Mapped-34.L   ,00:01:40:00,00:01:40:08,00:00:00:07,Unmuted,0,3000
1,255,Heartbeat Tempo Mapped-35.L   ,00:01:40:08,00:01:40:26,00:00:00:18,Unmuted,1,3008
1,256,Heartbeat Tempo Mapped-36.L   ,00:01:40:26,00:01:41:03,00:00:00:07,Unmuted,0,3026
1,257,Heartbeat Tempo Mapped-37.L   ,00:01:41:03,00:01:41:21,00:00:00:17,Unmuted,1,3033
1,258,Heartbeat Tempo Mapped-38.L   ,00:01:41:21,00:01:42:00,00:00:00:08,Unmuted,0,3051
1,259,Heartbeat Tempo Mapped-39.L   ,00:01:42:00,00:01:42:17,00:00:00:17,Unmuted,1,3060
1,260,Heartbeat Tempo Mapped-84.L   ,00:01:42:17,00:01:42:25,00:00:00:08,Unmuted,0,3077
1,262,Heartbeat Tempo Mapped-42.L   ,00:01:42:25,00:01:43:13,00:00:00:17,Unmuted,1,3085
1,263,Heartbeat Tempo Mapped-34.L   ,00:01:43:13,00:01:43:20,00:00:00:07,Unmuted,0,3103
1,264,Heartbeat Tempo Mapped-35.L   ,00:01:43:20,00:01:44:08,00:00:00:18,Unmuted,1,3110
1,265,Heartbeat Tempo Mapped-36.L   ,00:01:44:08,00:01:44:16,00:00:00:07,Unmuted,0,3128
1,266,Heartbeat Tempo Mapped-37.L   ,00:01:44:16,00:01:45:04,00:00:00:17,Unmuted,1,3136
1,267,Heartbeat Tempo Mapped-38.L   ,00:01:45:04,00:01:45:12,00:00:00:08,Unmuted,0,3154
1,268,Heartbeat Tempo Mapped-39.L   ,00:01:45:12,00:01:46:00,00:00:00:17,Unmuted,1,3162
1,269,Heartbeat Tempo Mapped-84.L   ,00:01:46:00,00:01:46:08,00:00:00:08,Unmuted,0,3180
1,271,Heartbeat Tempo Mapped-42.L   ,00:01:46:08,00:01:46:26,00:00:00:17,Unmuted,1,3188
1,272,Heartbeat Tempo Mapped-34.L   ,00:01:46:26,00:01:47:03,00:00:00:07,Unmuted,0,3206
1,273,Heartbeat Tempo Mapped-35.L   ,00:01:47:03,00:01:47:21,00:00:00:18,Unmuted,1,3213
1,274,Heartbeat Tempo Mapped-36.L   ,00:01:47:21,00:01:47:29,00:00:00:07,Unmuted,0,3231
1,275,Heartbeat Tempo Mapped-37.L   ,00:01:47:29,00:01:48:17,00:00:00:17,Unmuted,1,3239
1,276,Heartbeat Tempo Mapped-38.L   ,00:01:48:17,00:01:48:25,00:00:00:08,Unmuted,0,3257
1,277,Heartbeat Tempo Mapped-39.L   ,00:01:48:25,00:01:49:13,00:00:00:17,Unmuted,1,3265
1,278,Heartbeat Tempo Mapped-84.L   ,00:01:49:13,00:01:49:21,00:00:00:08,Unmuted,0,3283
1,280,Heartbeat Tempo Mapped-42.L   ,00:01:49:21,00:01:50:08,00:00:00:17,Unmuted,1,3291
1,281,Heartbeat Tempo Mapped-34.L   ,00:01:50:08,00:01:50:16,00:00:00:07,Unmuted,0,3308
1,282,Heartbeat Tempo Mapped-35.L   ,00:01:50:16,00:01:51:04,00:00:00:18,Unmuted,1,3316
1,283,Heartbeat Tempo Mapped-36.L   ,00:01:51:04,00:01:51:12,00:00:00:07,Unmuted,0,3334
1,284,Heartbeat Tempo Mapped-37.L   ,00:01:51:12,00:01:52:00,00:00:00:17,Unmuted,1,3342
1,285,Heartbeat Tempo Mapped-38.L   ,00:01:52:00,00:01:52:08,00:00:00:08,Unmuted,0,3360
1,286,Heartbeat Tempo Mapped-39.L   ,00:01:52:08,00:01:52:26,00:00:00:17,Unmuted,1,3368
1,287,Heartbeat Tempo Mapped-84.L   ,00:01:52:26,00:01:53:04,00:00:00:08,Unmuted,0,3386
1,289,Heartbeat Tempo Mapped-42.L   ,00:01:53:04,00:01:53:21,00:00:00:17,Unmuted,1,3394
1,290,Heartbeat Tempo Mapped-34.L   ,00:01:53:21,00:01:53:29,00:00:00:07,Unmuted,0,3411
1,291,Heartbeat Tempo Mapped-35.L   ,00:01:53:29,00:01:54:17,00:00:00:18,Unmuted,1,3419
1,292,Heartbeat Tempo Mapped-36.L   ,00:01:54:17,00:01:54:25,00:00:00:07,Unmuted,0,3437
1,293,Heartbeat Tempo Mapped-37.L   ,00:01:54:25,00:01:55:13,00:00:00:17,Unmuted,1,3445
1,294,Heartbeat Tempo Mapped-38.L   ,00:01:55:13,00:01:55:21,00:00:00:08,Unmuted,0,3463
1,295,Heartbeat Tempo Mapped-39.L   ,00:01:55:21,00:01:56:08,00:00:00:17,Unmuted,1,3471
1,296,Heartbeat Tempo Mapped-84.L   ,00:01:56:08,00:01:56:16,00:00:00:08,Unmuted,0,3488
1,298,Heartbeat Tempo Mapped-42.L   ,00:01:56:17,00:01:57:04,00:00:00:17,Unmuted,1,3497
1,299,Heartbeat Tempo Mapped-34.L   ,00:01:57:04,00:01:57:12,00:00:00:07,Unmuted,0,3514
1,300,Heartbeat Tempo Mapped-35.L   ,00:01:57:12,00:01:58:00,00:00:00:18,Unmuted,1,3522
1,301,Heartbeat Tempo Mapped-36.L   ,00:01:58:00,00:01:58:08,00:00:00:07,Unmuted,0,3540
1,302,Heartbeat Tempo Mapped-37.L   ,00:01:58:08,00:01:58:25,00:00:00:17,Unmuted,1,3548
1,303,Heartbeat Tempo Mapped-38.L   ,00:01:58:25,00:01:59:04,00:00:00:08,Unmuted,0,3565
1,304,Heartbeat Tempo Mapped-39.L   ,00:01:59:04,00:01:59:21,00:00:00:17,Unmuted,1,3574
1,305,Heartbeat Tempo Mapped-84.L   ,00:01:59:21,00:01:59:29,00:00:00:08,Unmuted,0,3591
1,307,Heartbeat Tempo Mapped-42.L   ,00:02:00:00,00:02:00:17,00:00:00:17,Unmuted,1,3600
1,308,Heartbeat Tempo Mapped-34.L   ,00:02:00:17,00:02:00:25,00:00:00:07,Unmuted,0,3617
1,309,Heartbeat Tempo Mapped-35.L   ,00:02:00:25,00:02:01:13,00:00:00:18,Unmuted,1,3625
1,310,Heartbeat Tempo Mapped-36.L   ,00:02:01:13,00:02:01:21,00:00:00:07,Unmuted,0,3643
1,311,Heartbeat Tempo Mapped-37.L   ,00:02:01:21,00:02:02:08,00:00:00:17,Unmuted,1,3651
1,312,Heartbeat Tempo Mapped-38.L   ,00:02:02:08,00:02:02:17,00:00:00:08,Unmuted,0,3668
1,313,Heartbeat Tempo Mapped-39.L   ,00:02:02:17,00:02:03:04,00:00:00:17,Unmuted,1,3677
1,314,Heartbeat Tempo Mapped-84.L   ,00:02:03:04,00:02:03:12,00:00:00:08,Unmuted,0,3694
1,316,Heartbeat Tempo Mapped-42.L   ,00:02:03:12,00:02:04:00,00:00:00:17,Unmuted,1,3702
1,317,Heartbeat Tempo Mapped-34.L   ,00:02:04:00,00:02:04:08,00:00:00:07,Unmuted,0,3720
1,318,Heartbeat Tempo Mapped-35.L   ,00:02:04:08,00:02:04:26,00:00:00:18,Unmuted,1,3728
1,319,Heartbeat Tempo Mapped-36.L   ,00:02:04:26,00:02:05:03,00:00:00:07,Unmuted,0,3746
1,320,Heartbeat Tempo Mapped-37.L   ,00:02:05:03,00:02:05:21,00:00:00:17,Unmuted,1,3753
1,321,Heartbeat Tempo Mapped-38.L   ,00:02:05:21,00:02:06:00,00:00:00:08,Unmuted,0,3771
1,322,Heartbeat Tempo Mapped-39.L   ,00:02:06:00,00:02:06:17,00:00:00:17,Unmuted,1,3780
1,323,Heartbeat Tempo Mapped-84.L   ,00:02:06:17,00:02:06:25,00:00:00:08,Unmuted,0,3797
1,325,Heartbeat Tempo Mapped-42.L   ,00:02:06:25,00:02:07:13,00:00:00:17,Unmuted,1,3805
1,326,Heartbeat Tempo Mapped-34.L   ,00:02:07:13,00:02:07:20,00:00:00:07,Unmuted,0,3823
1,327,Heartbeat Tempo Mapped-35.L   ,00:02:07:20,00:02:08:08,00:00:00:18,Unmuted,1,3830
1,328,Heartbeat Tempo Mapped-36.L   ,00:02:08:08,00:02:08:16,00:00:00:07,Unmuted,0,3848
1,329,Heartbeat Tempo Mapped-37.L   ,00:02:08:16,00:02:09:04,00:00:00:17,Unmuted,1,3856
1,330,Heartbeat Tempo Mapped-38.L   ,00:02:09:04,00:02:09:12,00:00:00:08,Unmuted,0,3874
1,331,Heartbeat Tempo Mapped-39.L   ,00:02:09:12,00:02:10:00,00:00:00:17,Unmuted,1,3882
1,332,Heartbeat Tempo Mapped-84.L   ,00:02:10:00,00:02:10:08,00:00:00:08,Unmuted,0,3900
1,334,Heartbeat Tempo Mapped-42.L   ,00:02:10:08,00:02:10:26,00:00:00:17,Unmuted,1,3908
1,335,Heartbeat Tempo Mapped-34.L   ,00:02:10:26,00:02:11:03,00:00:00:07,Unmuted,0,3926
1,336,Heartbeat Tempo Mapped-35.L   ,00:02:11:03,00:02:11:21,00:00:00:18,Unmuted,1,3933
1,337,Heartbeat Tempo Mapped-36.L   ,00:02:11:21,00:02:11:29,00:00:00:07,Unmuted,0,3951
1,338,Heartbeat Tempo Mapped-37.L   ,00:02:11:29,00:02:12:17,00:00:00:17,Unmuted,1,3959
1,339,Heartbeat Tempo Mapped-38.L   ,00:02:12:17,00:02:12:25,00:00:00:08,Unmuted,0,3977
1,340,Heartbeat Tempo Mapped-39.L   ,00:02:12:25,00:02:13:13,00:00:00:17,Unmuted,1,3985
1,341,Heartbeat Tempo Mapped-84.L   ,00:02:13:13,00:02:13:21,00:00:00:08,Unmuted,0,4003
1,343,Heartbeat Tempo Mapped-42.L   ,00:02:13:21,00:02:14:08,00:00:00:17,Unmuted,1,4011
1,344,Heartbeat Tempo Mapped-34.L   ,00:02:14:08,00:02:14:16,00:00:00:07,Unmuted,0,4028
1,345,Heartbeat Tempo Mapped-35.L   ,00:02:14:16,00:02:15:04,00:00:00:18,Unmuted,1,4036
1,346,Heartbeat Tempo Mapped-36.L   ,00:02:15:04,00:02:15:12,00:00:00:07,Unmuted,0,4054
1,347,Heartbeat Tempo Mapped-37.L   ,00:02:15:12,00:02:16:00,00:00:00:17,Unmuted,1,4062
1,348,Heartbeat Tempo Mapped-38.L   ,00:02:16:00,00:02:16:08,00:00:00:08,Unmuted,0,4080
1,349,Heartbeat Tempo Mapped-39.L   ,00:02:16:08,00:02:16:26,00:00:00:17,Unmuted,1,4088
1,350,Heartbeat Tempo Mapped-84.L   ,00:02:16:26,00:02:17:04,00:00:00:08,Unmuted,0,4106
1,352,Heartbeat Tempo Mapped-42.L   ,00:02:17:04,00:02:17:21,00:00:00:17,Unmuted,1,4114
1,353,Heartbeat Tempo Mapped-34.L   ,00:02:17:21,00:02:17:29,00:00:00:07,Unmuted,0,4131
1,354,Heartbeat Tempo Mapped-35.L   ,00:02:17:29,00:02:18:17,00:00:00:18,Unmuted,1,4139
1,355,Heartbeat Tempo Mapped-36.L   ,00:02:18:17,00:02:18:25,00:00:00:07,Unmuted,0,4157
1,356,Heartbeat Tempo Mapped-37.L   ,00:02:18:25,00:02:19:13,00:00:00:17,Unmuted,1,4165
1,357,Heartbeat Tempo Mapped-38.L   ,00:02:19:13,00:02:19:21,00:00:00:08,Unmuted,0,4183
1,358,Heartbeat Tempo Mapped-39.L   ,00:02:19:21,00:02:20:08,00:00:00:17,Unmuted,1,4191
1,359,Heartbeat Tempo Mapped-84.L   ,00:02:20:08,00:02:20:16,00:00:00:08,Unmuted,0,4208
1,361,Heartbeat Tempo Mapped-42.L   ,00:02:20:17,00:02:21:04,00:00:00:17,Unmuted,1,4217
1,362,Heartbeat Tempo Mapped-34.L   ,00:02:21:04,00:02:21:12,00:00:00:07,Unmuted,0,4234
1,363,Heartbeat Tempo Mapped-35.L   ,00:02:21:12,00:02:22:00,00:00:00:18,Unmuted,1,4242
1,364,Heartbeat Tempo Mapped-36.L   ,00:02:22:00,00:02:22:08,00:00:00:07,Unmuted,0,4260
1,365,Heartbeat Tempo Mapped-37.L   ,00:02:22:08,00:02:22:25,00:00:00:17,Unmuted,1,4268
1,366,Heartbeat Tempo Mapped-38.L   ,00:02:22:25,00:02:23:04,00:00:00:08,Unmuted,0,4285
1,367,Heartbeat Tempo Mapped-39.L   ,00:02:23:04,00:02:23:21,00:00:00:17,Unmuted,1,4294
1,368,Heartbeat Tempo Mapped-84.L   ,00:02:23:21,00:02:23:29,00:00:00:08,Unmuted,0,4311
1,370,Heartbeat Tempo Mapped-42.L   ,00:02:24:00,00:02:24:17,00:00:00:17,Unmuted,1,4320
1,371,Heartbeat Tempo Mapped-34.L   ,00:02:24:17,00:02:24:25,00:00:00:07,Unmuted,0,4337
1,372,Heartbeat Tempo Mapped-35.L   ,00:02:24:25,00:02:25:13,00:00:00:18,Unmuted,1,4345
1,373,Heartbeat Tempo Mapped-36.L   ,00:02:25:13,00:02:25:21,00:00:00:07,Unmuted,0,4363
1,374,Heartbeat Tempo Mapped-37.L   ,00:02:25:21,00:02:26:08,00:00:00:17,Unmuted,1,4371
1,375,Heartbeat Tempo Mapped-38.L   ,00:02:26:08,00:02:26:17,00:00:00:08,Unmuted,0,4388
1,376,Heartbeat Tempo Mapped-39.L   ,00:02:26:17,00:02:27:04,00:00:00:17,Unmuted,1,4397
1,377,Heartbeat Tempo Mapped-84.L   ,00:02:27:04,00:02:27:12,00:00:00:08,Unmuted,0,4414
1,379,Heartbeat Tempo Mapped-42.L   ,00:02:27:12,00:02:28:00,00:00:00:17,Unmuted,1,4422
1,380,Heartbeat Tempo Mapped-34.L   ,00:02:28:00,00:02:28:08,00:00:00:07,Unmuted,0,4440
1,381,Heartbeat Tempo Mapped-35.L   ,00:02:28:08,00:02:28:26,00:00:00:18,Unmuted,1,4448
1,382,Heartbeat Tempo Mapped-36.L   ,00:02:28:26,00:02:29:03,00:00:00:07,Unmuted,0,4466
1,383,Heartbeat Tempo Mapped-37.L   ,00:02:29:03,00:02:29:21,00:00:00:17,Unmuted,1,4473
1,384,Heartbeat Tempo Mapped-38.L   ,00:02:29:21,00:02:30:00,00:00:00:08,Unmuted,0,4491
1,385,Heartbeat Tempo Mapped-39.L   ,00:02:30:00,00:02:30:17,00:00:00:17,Unmuted,1,4500
1,386,Heartbeat Tempo Mapped-84.L   ,00:02:30:17,00:02:30:25,00:00:00:08,Unmuted,0,4517
1,388,Heartbeat Tempo Mapped-42.L   ,00:02:30:25,00:02:31:13,00:00:00:17,Unmuted,1,4525
1,389,Heartbeat Tempo Mapped-34.L   ,00:02:31:13,00:02:31:20,00:00:00:07,Unmuted,0,4543
1,390,Heartbeat Tempo Mapped-35.L   ,00:02:31:20,00:02:32:08,00:00:00:18,Unmuted,1,4550
1,391,Heartbeat Tempo Mapped-36.L   ,00:02:32:08,00:02:32:16,00:00:00:07,Unmuted,0,4568
1,392,Heartbeat Tempo Mapped-37.L   ,00:02:32:16,00:02:33:04,00:00:00:17,Unmuted,1,4576
1,393,Heartbeat Tempo Mapped-38.L   ,00:02:33:04,00:02:33:12,00:00:00:08,Unmuted,0,4594
1,394,Heartbeat Tempo Mapped-39.L   ,00:02:33:12,00:02:34:00,00:00:00:17,Unmuted,1,4602
1,395,Heartbeat Tempo Mapped-84.L   ,00:02:34:00,00:02:34:08,00:00:00:08,Unmuted,0,4620
1,397,Heartbeat Tempo Mapped-42.L   ,00:02:34:08,00:02:34:26,00:00:00:17,Unmuted,1,4628
1,398,Heartbeat Tempo Mapped-34.L   ,00:02:34:26,00:02:35:03,00:00:00:07,Unmuted,0,4646
1,399,Heartbeat Tempo Mapped-35.L   ,00:02:35:03,00:02:35:21,00:00:00:18,Unmuted,1,4653
1,400,Heartbeat Tempo Mapped-36.L   ,00:02:35:21,00:02:35:29,00:00:00:07,Unmuted,0,4671
1,401,Heartbeat Tempo Mapped-37.L   ,00:02:35:29,00:02:36:17,00:00:00:17,Unmuted,1,4679
1,402,Heartbeat Tempo Mapped-38.L   ,00:02:36:17,00:02:36:25,00:00:00:08,Unmuted,0,4697
1,403,Heartbeat Tempo Mapped-39.L   ,00:02:36:25,00:02:37:13,00:00:00:17,Unmuted,1,4705
1,404,Heartbeat Tempo Mapped-84.L   ,00:02:37:13,00:02:37:21,00:00:00:08,Unmuted,0,4723
1,406,Heartbeat Tempo Mapped-42.L   ,00:02:37:21,00:02:38:08,00:00:00:17,Unmuted,1,4731
1,407,Heartbeat Tempo Mapped-34.L   ,00:02:38:08,00:02:38:16,00:00:00:07,Unmuted,0,4748
1,408,Heartbeat Tempo Mapped-35.L   ,00:02:38:16,00:02:39:04,00:00:00:18,Unmuted,1,4756
1,409,Heartbeat Tempo Mapped-36.L   ,00:02:39:04,00:02:39:12,00:00:00:07,Unmuted,0,4774
1,410,Heartbeat Tempo Mapped-37.L   ,00:02:39:12,00:02:40:00,00:00:00:17,Unmuted,1,4782
1,411,Heartbeat Tempo Mapped-38.L   ,00:02:40:00,00:02:40:08,00:00:00:08,Unmuted,0,4800
1,412,Heartbeat Tempo Mapped-39.L   ,00:02:40:08,00:02:40:26,00:00:00:17,Unmuted,1,4808
1,413,Heartbeat Tempo Mapped-84.L   ,00:02:40:26,00:02:41:04,00:00:00:08,Unmuted,0,4826
1,415,Heartbeat Tempo Mapped-42.L   ,00:02:41:04,00:02:41:21,00:00:00:17,Unmuted,1,4834
1,416,Heartbeat Tempo Mapped-34.L   ,00:02:41:21,00:02:41:29,00:00:00:07,Unmuted,0,4851
1,417,Heartbeat Tempo Mapped-35.L   ,00:02:41:29,00:02:42:17,00:00:00:18,Unmuted,1,4859
1,418,Heartbeat Tempo Mapped-36.L   ,00:02:42:17,00:02:42:25,00:00:00:07,Unmuted,0,4877
1,419,Heartbeat Tempo Mapped-37.L   ,00:02:42:25,00:02:43:13,00:00:00:17,Unmuted,1,4885
1,420,Heartbeat Tempo Mapped-38.L   ,00:02:43:13,00:02:43:21,00:00:00:08,Unmuted,0,4903
1,421,Heartbeat Tempo Mapped-39.L   ,00:02:43:21,00:02:44:08,00:00:00:17,Unmuted,1,4911
1,422,Heartbeat Tempo Mapped-84.L   ,00:02:44:08,00:02:44:16,00:00:00:08,Unmuted,0,4928
1,424,Heartbeat Tempo Mapped-42.L   ,00:02:44:17,00:02:45:04,00:00:00:17,Unmuted,1,4937
1,425,Heartbeat Tempo Mapped-34.L   ,00:02:45:04,00:02:45:12,00:00:00:07,Unmuted,0,4954
1,426,Heartbeat Tempo Mapped-35.L   ,00:02:45:12,00:02:46:00,00:00:00:18,Unmuted,1,4962
1,427,Heartbeat Tempo Mapped-36.L   ,00:02:46:00,00:02:46:08,00:00:00:07,Unmuted,0,4980
1,428,Heartbeat Tempo Mapped-37.L   ,00:02:46:08,00:02:46:25,00:00:00:17,Unmuted,1,4988
1,429,Heartbeat Tempo Mapped-38.L   ,00:02:46:25,00:02:47:04,00:00:00:08,Unmuted,0,5005
1,430,Heartbeat Tempo Mapped-39.L   ,00:02:47:04,00:02:47:21,00:00:00:17,Unmuted,1,5014
1,431,Heartbeat Tempo Mapped-84.L   ,00:02:47:21,00:02:47:29,00:00:00:08,Unmuted,0,5031
1,433,Heartbeat Tempo Mapped-42.L   ,00:02:48:00,00:02:48:17,00:00:00:17,Unmuted,1,5040
1,434,Heartbeat Tempo Mapped-34.L   ,00:02:48:17,00:02:48:25,00:00:00:07,Unmuted,0,5057
1,435,Heartbeat Tempo Mapped-35.L   ,00:02:48:25,00:02:49:13,00:00:00:18,Unmuted,1,5065
1,436,Heartbeat Tempo Mapped-36.L   ,00:02:49:13,00:02:49:21,00:00:00:07,Unmuted,0,5083
1,437,Heartbeat Tempo Mapped-37.L   ,00:02:49:21,00:02:50:08,00:00:00:17,Unmuted,1,5091
1,438,Heartbeat Tempo Mapped-38.L   ,00:02:50:08,00:02:50:17,00:00:00:08,Unmuted,0,5108
1,439,Heartbeat Tempo Mapped-39.L   ,00:02:50:17,00:02:51:04,00:00:00:17,Unmuted,1,5117
1,440,Heartbeat Tempo Mapped-84.L   ,00:02:51:04,00:02:51:12,00:00:00:08,Unmuted,0,5134
1,442,Heartbeat Tempo Mapped-42.L   ,00:02:51:12,00:02:52:00,00:00:00:17,Unmuted,1,5142
1,443,Heartbeat Tempo Mapped-34.L   ,00:02:52:00,00:02:52:08,00:00:00:07,Unmuted,0,5160
1,444,Heartbeat Tempo Mapped-35.L   ,00:02:52:08,00:02:52:26,00:00:00:18,Unmuted,1,5168
1,445,Heartbeat Tempo Mapped-36.L   ,00:02:52:26,00:02:53:03,00:00:00:07,Unmuted,0,5186
1,446,Heartbeat Tempo Mapped-37.L   ,00:02:53:03,00:02:53:21,00:00:00:17,Unmuted,1,5193
1,447,Heartbeat Tempo Mapped-38.L   ,00:02:53:21,00:02:54:00,00:00:00:08,Unmuted,0,5211
1,448,Heartbeat Tempo Mapped-39.L   ,00:02:54:00,00:02:54:17,00:00:00:17,Unmuted,1,5220
1,449,Heartbeat Tempo Mapped-84.L   ,00:02:54:17,00:02:54:25,00:00:00:08,Unmuted,0,5237
1,451,Heartbeat Tempo Mapped-42.L   ,00:02:54:25,00:02:55:13,00:00:00:17,Unmuted,1,5245
1,452,Heartbeat Tempo Mapped-34.L   ,00:02:55:13,00:02:55:20,00:00:00:07,Unmuted,0,5263
1,453,Heartbeat Tempo Mapped-35.L   ,00:02:55:20,00:02:56:08,00:00:00:18,Unmuted,1,5270
1,454,Heartbeat Tempo Mapped-36.L   ,00:02:56:08,00:02:56:16,00:00:00:07,Unmuted,0,5288
1,455,Heartbeat Tempo Mapped-37.L   ,00:02:56:16,00:02:57:04,00:00:00:17,Unmuted,1,5296
1,456,Heartbeat Tempo Mapped-38.L   ,00:02:57:04,00:02:57:12,00:00:00:08,Unmuted,0,5314
1,457,Heartbeat Tempo Mapped-39.L   ,00:02:57:12,00:02:58:00,00:00:00:17,Unmuted,1,5322
1,458,Heartbeat Tempo Mapped-84.L   ,00:02:58:00,00:02:58:08,00:00:00:08,Unmuted,0,5340
1,460,Heartbeat Tempo Mapped-42.L   ,00:02:58:08,00:02:58:26,00:00:00:17,Unmuted,1,5348
1,461,Heartbeat Tempo Mapped-34.L   ,00:02:58:26,00:02:59:03,00:00:00:07,Unmuted,0,5366
1,462,Heartbeat Tempo Mapped-35.L   ,00:02:59:03,00:02:59:21,00:00:00:18,Unmuted,1,5373
1,463,Heartbeat Tempo Mapped-36.L   ,00:02:59:21,00:02:59:29,00:00:00:07,Unmuted,0,5391
1,464,Heartbeat Tempo Mapped-37.L   ,00:02:59:29,00:03:00:17,00:00:00:17,Unmuted,1,5399
1,465,Heartbeat Tempo Mapped-38.L   ,00:03:00:17,00:03:00:25,00:00:00:08,Unmuted,0,5417
1,466,Heartbeat Tempo Mapped-39.L   ,00:03:00:25,00:03:01:13,00:00:00:17,Unmuted,1,5425
1,467,Heartbeat Tempo Mapped-84.L   ,00:03:01:13,00:03:01:21,00:00:00:08,Unmuted,0,5443
1,469,Heartbeat Tempo Mapped-42.L   ,00:03:01:21,00:03:02:08,00:00:00:17,Unmuted,1,5451
1,470,Heartbeat Tempo Mapped-34.L   ,00:03:02:08,00:03:02:16,00:00:00:07,Unmuted,0,5468
1,471,Heartbeat Tempo Mapped-35.L   ,00:03:02:16,00:03:03:04,00:00:00:18,Unmuted,1,5476
1,472,Heartbeat Tempo Mapped-36.L   ,00:03:03:04,00:03:03:12,00:00:00:07,Unmuted,0,5494
1,473,Heartbeat Tempo Mapped-37.L   ,00:03:03:12,00:03:04:00,00:00:00:17,Unmuted,1,5502
1,474,Heartbeat Tempo Mapped-38.L   ,00:03:04:00,00:03:04:08,00:00:00:08,Unmuted,0,5520
1,475,Heartbeat Tempo Mapped-39.L   ,00:03:04:08,00:03:04:26,00:00:00:17,Unmuted,1,5528
1,476,Heartbeat Tempo Mapped-87.L   ,00:03:04:26,00:03:05:04,00:00:00:08,Unmuted,0,5546
1,478,Heartbeat Tempo Mapped-42.L   ,00:03:05:04,00:03:05:21,00:00:00:17,Unmuted,1,5554
1,479,Heartbeat Tempo Mapped-34.L   ,00:03:05:21,00:03:05:29,00:00:00:07,Unmuted,0,5571
1,480,Heartbeat Tempo Mapped-35.L   ,00:03:05:29,00:03:06:17,00:00:00:18,Unmuted,1,5579
1,481,Heartbeat Tempo Mapped-36.L   ,00:03:06:17,00:03:06:25,00:00:00:07,Unmuted,0,5597
1,482,Heartbeat Tempo Mapped-37.L   ,00:03:06:25,00:03:07:13,00:00:00:17,Unmuted,1,5605
1,483,Heartbeat Tempo Mapped-38.L   ,00:03:07:13,00:03:07:21,00:00:00:08,Unmuted,0,5623
1,484,Heartbeat Tempo Mapped-39.L   ,00:03:07:21,00:03:08:09,00:00:00:17,Unmuted,1,5631
1,485,Heartbeat Tempo Mapped-88.L   ,00:03:08:09,00:03:08:17,00:00:00:08,Unmuted,0,5649
1,487,Heartbeat Tempo Mapped-42.L   ,00:03:08:17,00:03:09:05,00:00:00:17,Unmuted,1,5657
1,488,Heartbeat Tempo Mapped-43.L   ,00:03:09:05,00:03:09:12,00:00:00:07,Unmuted,0,5675
1,489,Heartbeat Tempo Mapped-44.L   ,00:03:09:12,00:03:10:00,00:00:00:18,Unmuted,1,5682
1,490,Heartbeat Tempo Mapped-45.L   ,00:03:10:00,00:03:10:08,00:00:00:07,Unmuted,0,5700
1,491,Heartbeat Tempo Mapped-37.L   ,00:03:10:08,00:03:10:26,00:00:00:17,Unmuted,1,5708
1,492,Heartbeat Tempo Mapped-38.L   ,00:03:10:26,00:03:11:05,00:00:00:08,Unmuted,0,5726
1,493,Heartbeat Tempo Mapped-39.L   ,00:03:11:05,00:03:11:22,00:00:00:17,Unmuted,1,5735
1,494,Heartbeat Tempo Mapped-46.L   ,00:03:11:22,00:03:12:00,00:00:00:08,Unmuted,0,5752
1,496,Heartbeat Tempo Mapped-42.L   ,00:03:12:01,00:03:12:18,00:00:00:17,Unmuted,1,5761
1,497,Heartbeat Tempo Mapped-47.L   ,00:03:12:18,00:03:12:26,00:00:00:07,Unmuted,0,5778
1,498,Heartbeat Tempo Mapped-48.L   ,00:03:12:26,00:03:13:14,00:00:00:18,Unmuted,1,5786
1,499,Heartbeat Tempo Mapped-49.L   ,00:03:13:14,00:03:13:22,00:00:00:08,Unmuted,0,5804
1,500,Heartbeat Tempo Mapped-50.L   ,00:03:13:22,00:03:14:10,00:00:00:17,Unmuted,1,5812
1,501,Heartbeat Tempo Mapped-51.L   ,00:03:14:10,00:03:14:19,00:00:00:08,Unmuted,0,5830
1,502,Heartbeat Tempo Mapped-52.L   ,00:03:14:19,00:03:15:06,00:00:00:17,Unmuted,1,5839
1,503,Heartbeat Tempo Mapped-53.L   ,00:03:15:06,00:03:15:14,00:00:00:08,Unmuted,0,5856
1,505,Heartbeat Tempo Mapped-42.L   ,00:03:15:15,00:03:16:02,00:00:00:17,Unmuted,1,5865
1,506,Heartbeat Tempo Mapped-34.L   ,00:03:16:02,00:03:16:10,00:00:00:07,Unmuted,0,5882
1,507,Heartbeat Tempo Mapped-54.L   ,00:03:16:10,00:03:16:28,00:00:00:18,Unmuted,1,5890
1,508,Heartbeat Tempo Mapped-36.L   ,00:03:16:28,00:03:17:06,00:00:00:07,Unmuted,0,5908
1,509,Heartbeat Tempo Mapped-55.L   ,00:03:17:06,00:03:17:24,00:00:00:17,Unmuted,1,5916
1,510,Heartbeat Tempo Mapped-56.L   ,00:03:17:24,00:03:18:03,00:00:00:08,Unmuted,0,5934
1,511,Heartbeat Tempo Mapped-57.L   ,00:03:18:03,00:03:18:20,00:00:00:17,Unmuted,1,5943
1,512,Heartbeat Tempo Mapped-58.L   ,00:03:18:20,00:03:18:29,00:00:00:08,Unmuted,0,5960
1,513,Heartbeat Tempo Mapped-94.L   ,00:03:18:29,00:03:19:16,00:00:00:17,Unmuted,1,5969
1,514,Heartbeat Tempo Mapped-34.L   ,00:03:19:17,00:03:19:24,00:00:00:07,Unmuted,0,5987
1,515,Heartbeat Tempo Mapped-59.L   ,00:03:19:24,00:03:20:13,00:00:00:18,Unmuted,1,5994
1,516,Heartbeat Tempo Mapped-36.L   ,00:03:20:13,00:03:20:21,00:00:00:07,Unmuted,0,6013
1,517,Heartbeat Tempo Mapped-60.L   ,00:03:20:21,00:03:21:09,00:00:00:18,Unmuted,1,6021
1,518,Heartbeat Tempo Mapped-38.L   ,00:03:21:09,00:03:21:17,00:00:00:08,Unmuted,0,6039
1,519,Heartbeat Tempo Mapped-61.L   ,00:03:21:17,00:03:22:05,00:00:00:17,Unmuted,1,6047
1,520,Heartbeat Tempo Mapped-40.L   ,00:03:22:05,00:03:22:13,00:00:00:08,Unmuted,0,6065
1,522,Heartbeat Tempo Mapped-42.L   ,00:03:22:14,00:03:23:01,00:00:00:17,Unmuted,1,6074
1,523,Heartbeat Tempo Mapped-34.L   ,00:03:23:01,00:03:23:09,00:00:00:07,Unmuted,0,6091
1,524,Heartbeat Tempo Mapped-62.L   ,00:03:23:09,00:03:23:27,00:00:00:18,Unmuted,1,6099
1,525,Heartbeat Tempo Mapped-36.L   ,00:03:23:28,00:03:24:05,00:00:00:07,Unmuted,0,6118
1,526,Heartbeat Tempo Mapped-63.L   ,00:03:24:05,00:03:24:24,00:00:00:18,Unmuted,1,6125
1,527,Heartbeat Tempo Mapped-38.L   ,00:03:24:24,00:03:25:02,00:00:00:08,Unmuted,0,6144
1,528,Heartbeat Tempo Mapped-64.L   ,00:03:25:02,00:03:25:20,00:00:00:17,Unmuted,1,6152
1,529,Heartbeat Tempo Mapped-40.L   ,00:03:25:20,00:03:25:28,00:00:00:08,Unmuted,0,6170
1,531,Heartbeat Tempo Mapped-42.L   ,00:03:25:29,00:03:26:16,00:00:00:17,Unmuted,1,6179
1,532,Heartbeat Tempo Mapped-34.L   ,00:03:26:16,00:03:26:24,00:00:00:07,Unmuted,0,6196
1,533,Heartbeat Tempo Mapped-35.L   ,00:03:26:24,00:03:27:13,00:00:00:18,Unmuted,1,6204
1,534,Heartbeat Tempo Mapped-36.L   ,00:03:27:13,00:03:27:21,00:00:00:07,Unmuted,0,6223
1,535,Heartbeat Tempo Mapped-37.L   ,00:03:27:21,00:03:28:09,00:00:00:17,Unmuted,1,6231
1,536,Heartbeat Tempo Mapped-38.L   ,00:03:28:09,00:03:28:18,00:00:00:08,Unmuted,0,6249
1,537,Heartbeat Tempo Mapped-39.L   ,00:03:28:18,00:03:29:05,00:00:00:17,Unmuted,1,6258
1,538,Heartbeat Tempo Mapped-40.L   ,00:03:29:06,00:03:29:14,00:00:00:08,Unmuted,0,6276
1,540,Heartbeat Tempo Mapped-42.L   ,00:03:29:14,00:03:30:02,00:00:00:17,Unmuted,1,6284
1,541,Heartbeat Tempo Mapped-34.L   ,00:03:30:02,00:03:30:10,00:00:00:07,Unmuted,0,6302
1,542,Heartbeat Tempo Mapped-35.L   ,00:03:30:10,00:03:30:28,00:00:00:18,Unmuted,1,6310
1,543,Heartbeat Tempo Mapped-36.L   ,00:03:30:28,00:03:31:06,00:00:00:07,Unmuted,0,6328
1,544,Heartbeat Tempo Mapped-37.L   ,00:03:31:06,00:03:31:24,00:00:00:17,Unmuted,1,6336
1,545,Heartbeat Tempo Mapped-38.L   ,00:03:31:25,00:03:32:03,00:00:00:08,Unmuted,0,6355
1,546,Heartbeat Tempo Mapped-39.L   ,00:03:32:03,00:03:32:21,00:00:00:17,Unmuted,1,6363
1,547,Heartbeat Tempo Mapped-40.L   ,00:03:32:21,00:03:32:29,00:00:00:08,Unmuted,0,6381
1,549,Heartbeat Tempo Mapped-42.L   ,00:03:33:00,00:03:33:17,00:00:00:17,Unmuted,1,6390
1,550,Heartbeat Tempo Mapped-34.L   ,00:03:33:18,00:03:33:26,00:00:00:07,Unmuted,0,6408
1,551,Heartbeat Tempo Mapped-35.L   ,00:03:33:26,00:03:34:14,00:00:00:18,Unmuted,1,6416
1,552,Heartbeat Tempo Mapped-36.L   ,00:03:34:14,00:03:34:22,00:00:00:07,Unmuted,0,6434
1,553,Heartbeat Tempo Mapped-37.L   ,00:03:34:22,00:03:35:10,00:00:00:17,Unmuted,1,6442
1,554,Heartbeat Tempo Mapped-38.L   ,00:03:35:11,00:03:35:19,00:00:00:08,Unmuted,0,6461
1,555,Heartbeat Tempo Mapped-39.L   ,00:03:35:19,00:03:36:07,00:00:00:17,Unmuted,1,6469
1,556,Heartbeat Tempo Mapped-40.L   ,00:03:36:07,00:03:36:16,00:00:00:08,Unmuted,0,6487
1,558,Heartbeat Tempo Mapped-42.L   ,00:03:36:16,00:03:37:04,00:00:00:17,Unmuted,1,6496
1,559,Heartbeat Tempo Mapped-34.L   ,00:03:37:04,00:03:37:12,00:00:00:07,Unmuted,0,6514
1,560,Heartbeat Tempo Mapped-35.L   ,00:03:37:12,00:03:38:00,00:00:00:18,Unmuted,1,6522
1,561,Heartbeat Tempo Mapped-36.L   ,00:03:38:01,00:03:38:09,00:00:00:07,Unmuted,0,6541
1,562,Heartbeat Tempo Mapped-37.L   ,00:03:38:09,00:03:38:27,00:00:00:17,Unmuted,1,6549
1,563,Heartbeat Tempo Mapped-38.L   ,00:03:38:27,00:03:39:06,00:00:00:08,Unmuted,0,6567
1,564,Heartbeat Tempo Mapped-39.L   ,00:03:39:06,00:03:39:24,00:00:00:17,Unmuted,1,6576
1,565,Heartbeat Tempo Mapped-40.L   ,00:03:39:24,00:03:40:02,00:00:00:08,Unmuted,0,6594
1,567,Heartbeat Tempo Mapped-42.L   ,00:03:40:03,00:03:40:20,00:00:00:17,Unmuted,1,6603
1,568,Heartbeat Tempo Mapped-34.L   ,00:03:40:21,00:03:40:28,00:00:00:07,Unmuted,0,6621
1,569,Heartbeat Tempo Mapped-35.L   ,00:03:40:29,00:03:41:17,00:00:00:18,Unmuted,1,6629
1,570,Heartbeat Tempo Mapped-36.L   ,00:03:41:17,00:03:41:25,00:00:00:07,Unmuted,0,6647
1,571,Heartbeat Tempo Mapped-37.L   ,00:03:41:26,00:03:42:14,00:00:00:17,Unmuted,1,6656
1,572,Heartbeat Tempo Mapped-38.L   ,00:03:42:14,00:03:42:23,00:00:00:08,Unmuted,0,6674
1,573,Heartbeat Tempo Mapped-39.L   ,00:03:42:23,00:03:43:10,00:00:00:17,Unmuted,1,6683
1,574,Heartbeat Tempo Mapped-40.L   ,00:03:43:11,00:03:43:19,00:00:00:08,Unmuted,0,6701
1,576,Heartbeat Tempo Mapped-42.L   ,00:03:43:20,00:03:44:07,00:00:00:17,Unmuted,1,6710
1,577,Heartbeat Tempo Mapped-34.L   ,00:03:44:08,00:03:44:15,00:00:00:07,Unmuted,0,6728
1,578,Heartbeat Tempo Mapped-35.L   ,00:03:44:16,00:03:45:04,00:00:00:18,Unmuted,1,6736
1,579,Heartbeat Tempo Mapped-36.L   ,00:03:45:05,00:03:45:12,00:00:00:07,Unmuted,0,6755
1,580,Heartbeat Tempo Mapped-37.L   ,00:03:45:13,00:03:46:01,00:00:00:17,Unmuted,1,6763
1,581,Heartbeat Tempo Mapped-38.L   ,00:03:46:01,00:03:46:10,00:00:00:08,Unmuted,0,6781
1,582,Heartbeat Tempo Mapped-39.L   ,00:03:46:10,00:03:46:28,00:00:00:17,Unmuted,1,6790
1,583,Heartbeat Tempo Mapped-40.L   ,00:03:46:28,00:03:47:06,00:00:00:08,Unmuted,0,6808
1,585,Heartbeat Tempo Mapped-42.L   ,00:03:47:07,00:03:47:24,00:00:00:17,Unmuted,1,6817
1,586,Heartbeat Tempo Mapped-34.L   ,00:03:47:25,00:03:48:03,00:00:00:07,Unmuted,0,6835
1,587,Heartbeat Tempo Mapped-35.L   ,00:03:48:03,00:03:48:21,00:00:00:18,Unmuted,1,6843
1,588,Heartbeat Tempo Mapped-36.L   ,00:03:48:22,00:03:49:00,00:00:00:07,Unmuted,0,6862
1,589,Heartbeat Tempo Mapped-37.L   ,00:03:49:00,00:03:49:18,00:00:00:17,Unmuted,1,6870
1,590,Heartbeat Tempo Mapped-38.L   ,00:03:49:19,00:03:49:27,00:00:00:08,Unmuted,0,6889
1,591,Heartbeat Tempo Mapped-39.L   ,00:03:49:28,00:03:50:15,00:00:00:17,Unmuted,1,6898
1,592,Heartbeat Tempo Mapped-40.L   ,00:03:50:16,00:03:50:24,00:00:00:08,Unmuted,0,6916
1,594,Heartbeat Tempo Mapped-42.L   ,00:03:50:25,00:03:51:12,00:00:00:17,Unmuted,1,6925
1,595,Heartbeat Tempo Mapped-34.L   ,00:03:51:13,00:03:51:21,00:00:00:07,Unmuted,0,6943
1,596,Heartbeat Tempo Mapped-35.L   ,00:03:51:21,00:03:52:09,00:00:00:18,Unmuted,1,6951
1,597,Heartbeat Tempo Mapped-36.L   ,00:03:52:10,00:03:52:18,00:00:00:07,Unmuted,0,6970
1,598,Heartbeat Tempo Mapped-37.L   ,00:03:52:18,00:03:53:06,00:00:00:17,Unmuted,1,6978
1,599,Heartbeat Tempo Mapped-38.L   ,00:03:53:07,00:03:53:15,00:00:00:08,Unmuted,0,6997
1,600,Heartbeat Tempo Mapped-39.L   ,00:03:53:16,00:03:54:03,00:00:00:17,Unmuted,1,7006
1,601,Heartbeat Tempo Mapped-40.L   ,00:03:54:04,00:03:54:12,00:00:00:08,Unmuted,0,7024
1,603,Heartbeat Tempo Mapped-42.L   ,00:03:54:13,00:03:55:00,00:00:00:17,Unmuted,1,7033
1,604,Heartbeat Tempo Mapped-34.L   ,00:03:55:01,00:03:55:09,00:00:00:07,Unmuted,0,7051
1,605,Heartbeat Tempo Mapped-35.L   ,00:03:55:09,00:03:55:27,00:00:00:18,Unmuted,1,7059
1,606,Heartbeat Tempo Mapped-36.L   ,00:03:55:28,00:03:56:06,00:00:00:07,Unmuted,0,7078
1,607,Heartbeat Tempo Mapped-37.L   ,00:03:56:07,00:03:56:24,00:00:00:17,Unmuted,1,7087
1,608,Heartbeat Tempo Mapped-38.L   ,00:03:56:25,00:03:57:04,00:00:00:08,Unmuted,0,7105
1,609,Heartbeat Tempo Mapped-39.L   ,00:03:57:04,00:03:57:22,00:00:00:17,Unmuted,1,7114
1,610,Heartbeat Tempo Mapped-40.L   ,00:03:57:22,00:03:58:01,00:00:00:08,Unmuted,0,7132
1,612,Heartbeat Tempo Mapped-42.L   ,00:03:58:01,00:03:58:19,00:00:00:17,Unmuted,1,7141
1,613,Heartbeat Tempo Mapped-34.L   ,00:03:58:20,00:03:58:27,00:00:00:07,Unmuted,0,7160
1,614,Heartbeat Tempo Mapped-35.L   ,00:03:58:28,00:03:59:16,00:00:00:18,Unmuted,1,7168
1,615,Heartbeat Tempo Mapped-36.L   ,00:03:59:17,00:03:59:25,00:00:00:07,Unmuted,0,7187
1,616,Heartbeat Tempo Mapped-37.L   ,00:03:59:25,00:04:00:13,00:00:00:17,Unmuted,1,7195
1,617,Heartbeat Tempo Mapped-38.L   ,00:04:00:14,00:04:00:23,00:00:00:08,Unmuted,0,7214
1,618,Heartbeat Tempo Mapped-39.L   ,00:04:00:23,00:04:01:11,00:00:00:17,Unmuted,1,7223
1,619,Heartbeat Tempo Mapped-40.L   ,00:04:01:11,00:04:01:20,00:00:00:08,Unmuted,0,7241
1,621,Heartbeat Tempo Mapped-42.L   ,00:04:01:20,00:04:02:08,00:00:00:17,Unmuted,1,7250
1,622,Heartbeat Tempo Mapped-34.L   ,00:04:02:09,00:04:02:16,00:00:00:07,Unmuted,0,7269
1,623,Heartbeat Tempo Mapped-35.L   ,00:04:02:17,00:04:03:05,00:00:00:18,Unmuted,1,7277
1,624,Heartbeat Tempo Mapped-36.L   ,00:04:03:06,00:04:03:14,00:00:00:07,Unmuted,0,7296
1,625,Heartbeat Tempo Mapped-37.L   ,00:04:03:14,00:04:04:02,00:00:00:17,Unmuted,1,7304
1,626,Heartbeat Tempo Mapped-38.L   ,00:04:04:03,00:04:04:12,00:00:00:08,Unmuted,0,7323
1,627,Heartbeat Tempo Mapped-39.L   ,00:04:04:12,00:04:05:00,00:00:00:17,Unmuted,1,7332
1,628,Heartbeat Tempo Mapped-40.L   ,00:04:05:01,00:04:05:09,00:00:00:08,Unmuted,0,7351
1,630,Heartbeat Tempo Mapped-42.L   ,00:04:05:09,00:04:05:27,00:00:00:17,Unmuted,1,7359
1,631,Heartbeat Tempo Mapped-34.L   ,00:04:05:28,00:04:06:06,00:00:00:07,Unmuted,0,7378
1,632,Heartbeat Tempo Mapped-35.L   ,00:04:06:06,00:04:06:25,00:00:00:18,Unmuted,1,7386
1,633,Heartbeat Tempo Mapped-36.L   ,00:04:06:26,00:04:07:03,00:00:00:07,Unmuted,0,7406
1,634,Heartbeat Tempo Mapped-37.L   ,00:04:07:04,00:04:07:22,00:00:00:17,Unmuted,1,7414
1,635,Heartbeat Tempo Mapped-38.L   ,00:04:07:23,00:04:08:01,00:00:00:08,Unmuted,0,7433
1,636,Heartbeat Tempo Mapped-39.L   ,00:04:08:02,00:04:08:19,00:00:00:17,Unmuted,1,7442
1,637,Heartbeat Tempo Mapped-40.L   ,00:04:08:20,00:04:08:29,00:00:00:08,Unmuted,0,7460
1,639,Heartbeat Tempo Mapped-42.L   ,00:04:08:29,00:04:09:17,00:00:00:17,Unmuted,1,7469
1,640,Heartbeat Tempo Mapped-34.L   ,00:04:09:18,00:04:09:26,00:00:00:07,Unmuted,0,7488
1,641,Heartbeat Tempo Mapped-35.L   ,00:04:09:26,00:04:10:14,00:00:00:18,Unmuted,1,7496
1,642,Heartbeat Tempo Mapped-36.L   ,00:04:10:15,00:04:10:23,00:00:00:07,Unmuted,0,7515
1,643,Heartbeat Tempo Mapped-37.L   ,00:04:10:24,00:04:11:12,00:00:00:17,Unmuted,1,7524
1,644,Heartbeat Tempo Mapped-38.L   ,00:04:11:13,00:04:11:21,00:00:00:08,Unmuted,0,7543
1,645,Heartbeat Tempo Mapped-39.L   ,00:04:11:22,00:04:12:09,00:00:00:17,Unmuted,1,7552
1,646,Heartbeat Tempo Mapped-40.L   ,00:04:12:10,00:04:12:19,00:00:00:08,Unmuted,0,7570
1,648,Heartbeat Tempo Mapped-42.L   ,00:04:12:19,00:04:13:07,00:00:00:17,Unmuted,1,7579
1,649,Heartbeat Tempo Mapped-34.L   ,00:04:13:08,00:04:13:16,00:00:00:07,Unmuted,0,7598
1,650,Heartbeat Tempo Mapped-35.L   ,00:04:13:16,00:04:14:05,00:00:00:18,Unmuted,1,7606
1,651,Heartbeat Tempo Mapped-36.L   ,00:04:14:06,00:04:14:14,00:00:00:07,Unmuted,0,7626
1,652,Heartbeat Tempo Mapped-37.L   ,00:04:14:14,00:04:15:02,00:00:00:17,Unmuted,1,7634
1,653,Heartbeat Tempo Mapped-38.L   ,00:04:15:03,00:04:15:12,00:00:00:08,Unmuted,0,7653
1,654,Heartbeat Tempo Mapped-39.L   ,00:04:15:12,00:04:16:00,00:00:00:17,Unmuted,1,7662
1,655,Heartbeat Tempo Mapped-40.L   ,00:04:16:01,00:04:16:09,00:00:00:08,Unmuted,0,7681
1,657,Heartbeat Tempo Mapped-42.L   ,00:04:16:10,00:04:16:27,00:00:00:17,Unmuted,1,7690
1,658,Heartbeat Tempo Mapped-34.L   ,00:04:16:29,00:04:17:06,00:00:00:07,Unmuted,0,7709
1,659,Heartbeat Tempo Mapped-35.L   ,00:04:17:07,00:04:17:25,00:00:00:18,Unmuted,1,7717
1,660,Heartbeat Tempo Mapped-36.L   ,00:04:17:26,00:04:18:04,00:00:00:07,Unmuted,0,7736
1,661,Heartbeat Tempo Mapped-37.L   ,00:04:18:05,00:04:18:23,00:00:00:17,Unmuted,1,7745
1,662,Heartbeat Tempo Mapped-38.L   ,00:04:18:24,00:04:19:03,00:00:00:08,Unmuted,0,7764
1,663,Heartbeat Tempo Mapped-39.L   ,00:04:19:03,00:04:19:21,00:00:00:17,Unmuted,1,7773
1,664,Heartbeat Tempo Mapped-40.L   ,00:04:19:22,00:04:20:00,00:00:00:08,Unmuted,0,7792
1,666,Heartbeat Tempo Mapped-42.L   ,00:04:20:01,00:04:20:18,00:00:00:17,Unmuted,1,7801
1,667,Heartbeat Tempo Mapped-34.L   ,00:04:20:20,00:04:20:28,00:00:00:07,Unmuted,0,7820
1,668,Heartbeat Tempo Mapped-35.L   ,00:04:20:28,00:04:21:16,00:00:00:18,Unmuted,1,7828
1,669,Heartbeat Tempo Mapped-36.L   ,00:04:21:18,00:04:21:26,00:00:00:07,Unmuted,0,7848
1,670,Heartbeat Tempo Mapped-37.L   ,00:04:21:26,00:04:22:14,00:00:00:17,Unmuted,1,7856
1,671,Heartbeat Tempo Mapped-38.L   ,00:04:22:15,00:04:22:24,00:00:00:08,Unmuted,0,7875
1,672,Heartbeat Tempo Mapped-39.L   ,00:04:22:24,00:04:23:12,00:00:00:17,Unmuted,1,7884
1,673,Heartbeat Tempo Mapped-40.L   ,00:04:23:13,00:04:23:21,00:00:00:08,Unmuted,0,7903
1,675,Heartbeat Tempo Mapped-42.L   ,00:04:23:22,00:04:24:10,00:00:00:17,Unmuted,1,7912
1,676,Heartbeat Tempo Mapped-34.L   ,00:04:24:11,00:04:24:19,00:00:00:07,Unmuted,0,7931
1,677,Heartbeat Tempo Mapped-35.L   ,00:04:24:20,00:04:25:08,00:00:00:18,Unmuted,1,7940
1,678,Heartbeat Tempo Mapped-36.L   ,00:04:25:09,00:04:25:17,00:00:00:07,Unmuted,0,7959
1,679,Heartbeat Tempo Mapped-37.L   ,00:04:25:18,00:04:26:06,00:00:00:17,Unmuted,1,7968
1,680,Heartbeat Tempo Mapped-38.L   ,00:04:26:07,00:04:26:16,00:00:00:08,Unmuted,0,7987
1,681,Heartbeat Tempo Mapped-39.L   ,00:04:26:16,00:04:27:04,00:00:00:17,Unmuted,1,7996
1,682,Heartbeat Tempo Mapped-40.L   ,00:04:27:05,00:04:27:13,00:00:00:08,Unmuted,0,8015
1,684,Heartbeat Tempo Mapped-42.L   ,00:04:27:14,00:04:28:02,00:00:00:17,Unmuted,1,8024
1,685,Heartbeat Tempo Mapped-34.L   ,00:04:28:03,00:04:28:11,00:00:00:07,Unmuted,0,8043
1,686,Heartbeat Tempo Mapped-35.L   ,00:04:28:11,00:04:29:00,00:00:00:18,Unmuted,1,8051
1,687,Heartbeat Tempo Mapped-36.L   ,00:04:29:01,00:04:29:09,00:00:00:07,Unmuted,0,8071
1,688,Heartbeat Tempo Mapped-37.L   ,00:04:29:10,00:04:29:28,00:00:00:17,Unmuted,1,8080
1,689,Heartbeat Tempo Mapped-38.L   ,00:04:29:29,00:04:30:08,00:00:00:08,Unmuted,0,8099
1,690,Heartbeat Tempo Mapped-39.L   ,00:04:30:08,00:04:30:26,00:00:00:17,Unmuted,1,8108
1,691,Heartbeat Tempo Mapped-40.L   ,00:04:30:27,00:04:31:05,00:00:00:08,Unmuted,0,8127
1,693,Heartbeat Tempo Mapped-42.L   ,00:04:31:06,00:04:31:24,00:00:00:17,Unmuted,1,8136
1,694,Heartbeat Tempo Mapped-34.L   ,00:04:31:25,00:04:32:03,00:00:00:07,Unmuted,0,8155
1,695,Heartbeat Tempo Mapped-35.L   ,00:04:32:04,00:04:32:22,00:00:00:18,Unmuted,1,8164
1,696,Heartbeat Tempo Mapped-36.L   ,00:04:32:24,00:04:33:02,00:00:00:07,Unmuted,0,8184
1,697,Heartbeat Tempo Mapped-37.L   ,00:04:33:02,00:04:33:20,00:00:00:17,Unmuted,1,8192
1,698,Heartbeat Tempo Mapped-38.L   ,00:04:33:22,00:04:34:00,00:00:00:08,Unmuted,0,8212
1,699,Heartbeat Tempo Mapped-39.L   ,00:04:34:01,00:04:34:18,00:00:00:17,Unmuted,1,8221
1,700,Heartbeat Tempo Mapped-40.L   ,00:04:34:20,00:04:34:28,00:00:00:08,Unmuted,0,8240
1,702,Heartbeat Tempo Mapped-42.L   ,00:04:34:29,00:04:35:17,00:00:00:17,Unmuted,1,8249
1,703,Heartbeat Tempo Mapped-34.L   ,00:04:35:18,00:04:35:26,00:00:00:07,Unmuted,0,8268
1,704,Heartbeat Tempo Mapped-35.L   ,00:04:35:27,00:04:36:15,00:00:00:18,Unmuted,1,8277
1,705,Heartbeat Tempo Mapped-36.L   ,00:04:36:16,00:04:36:24,00:00:00:07,Unmuted,0,8296
1,706,Heartbeat Tempo Mapped-37.L   ,00:04:36:25,00:04:37:13,00:00:00:17,Unmuted,1,8305
1,707,Heartbeat Tempo Mapped-38.L   ,00:04:37:14,00:04:37:23,00:00:00:08,Unmuted,0,8324
1,708,Heartbeat Tempo Mapped-39.L   ,00:04:37:24,00:04:38:11,00:00:00:17,Unmuted,1,8334
1,709,Heartbeat Tempo Mapped-40.L   ,00:04:38:13,00:04:38:21,00:00:00:08,Unmuted,0,8353
1,711,Heartbeat Tempo Mapped-42.L   ,00:04:38:22,00:04:39:10,00:00:00:17,Unmuted,1,8362
1,712,Heartbeat Tempo Mapped-34.L   ,00:04:39:11,00:04:39:19,00:00:00:07,Unmuted,0,8381
1,713,Heartbeat Tempo Mapped-35.L   ,00:04:39:20,00:04:40:08,00:00:00:18,Unmuted,1,8390
1,714,Heartbeat Tempo Mapped-36.L   ,00:04:40:10,00:04:40:18,00:00:00:07,Unmuted,0,8410
1,715,Heartbeat Tempo Mapped-37.L   ,00:04:40:18,00:04:41:06,00:00:00:17,Unmuted,1,8418
1,716,Heartbeat Tempo Mapped-38.L   ,00:04:41:08,00:04:41:16,00:00:00:08,Unmuted,0,8438
1,717,Heartbeat Tempo Mapped-39.L   ,00:04:41:17,00:04:42:05,00:00:00:17,Unmuted,1,8447
1,718,Heartbeat Tempo Mapped-40.L   ,00:04:42:06,00:04:42:15,00:00:00:08,Unmuted,0,8466
1,720,Heartbeat Tempo Mapped-42.L   ,00:04:42:16,00:04:43:03,00:00:00:17,Unmuted,1,8476
1,721,Heartbeat Tempo Mapped-34.L   ,00:04:43:05,00:04:43:13,00:00:00:07,Unmuted,0,8495
1,722,Heartbeat Tempo Mapped-35.L   ,00:04:43:13,00:04:44:02,00:00:00:18,Unmuted,1,8503
1,723,Heartbeat Tempo Mapped-36.L   ,00:04:44:03,00:04:44:11,00:00:00:07,Unmuted,0,8523
1,724,Heartbeat Tempo Mapped-37.L   ,00:04:44:12,00:04:45:00,00:00:00:17,Unmuted,1,8532
1,725,Heartbeat Tempo Mapped-38.L   ,00:04:45:02,00:04:45:10,00:00:00:08,Unmuted,0,8552
1,726,Heartbeat Tempo Mapped-39.L   ,00:04:45:11,00:04:45:29,00:00:00:17,Unmuted,1,8561
1,727,Heartbeat Tempo Mapped-40.L   ,00:04:46:00,00:04:46:09,00:00:00:08,Unmuted,0,8580
1,729,Heartbeat Tempo Mapped-42.L   ,00:04:46:10,00:04:46:27,00:00:00:17,Unmuted,1,8590
1,730,Heartbeat Tempo Mapped-34.L   ,00:04:46:29,00:04:47:07,00:00:00:07,Unmuted,0,8609
1,731,Heartbeat Tempo Mapped-35.L   ,00:04:47:08,00:04:47:26,00:00:00:18,Unmuted,1,8618
1,732,Heartbeat Tempo Mapped-36.L   ,00:04:47:28,00:04:48:06,00:00:00:07,Unmuted,0,8638
1,733,Heartbeat Tempo Mapped-37.L   ,00:04:48:06,00:04:48:24,00:00:00:17,Unmuted,1,8646
1,734,Heartbeat Tempo Mapped-38.L   ,00:04:48:26,00:04:49:05,00:00:00:08,Unmuted,0,8666
1,735,Heartbeat Tempo Mapped-39.L   ,00:04:49:05,00:04:49:23,00:00:00:17,Unmuted,1,8675
1,736,Heartbeat Tempo Mapped-40.L   ,00:04:49:25,00:04:50:03,00:00:00:08,Unmuted,0,8695
1,738,Heartbeat Tempo Mapped-42.L   ,00:04:50:04,00:04:50:22,00:00:00:17,Unmuted,1,8704
1,739,Heartbeat Tempo Mapped-34.L   ,00:04:50:23,00:04:51:01,00:00:00:07,Unmuted,0,8723
1,740,Heartbeat Tempo Mapped-35.L   ,00:04:51:02,00:04:51:20,00:00:00:18,Unmuted,1,8732
1,741,Heartbeat Tempo Mapped-36.L   ,00:04:51:22,00:04:52:00,00:00:00:07,Unmuted,0,8752
1,742,Heartbeat Tempo Mapped-37.L   ,00:04:52:01,00:04:52:19,00:00:00:17,Unmuted,1,8761
1,743,Heartbeat Tempo Mapped-38.L   ,00:04:52:21,00:04:52:29,00:00:00:08,Unmuted,0,8781
1,744,Heartbeat Tempo Mapped-39.L   ,00:04:53:00,00:04:53:18,00:00:00:17,Unmuted,1,8790
1,745,Heartbeat Tempo Mapped-40.L   ,00:04:53:20,00:04:53:28,00:00:00:08,Unmuted,0,8810
1,747,Heartbeat Tempo Mapped-42.L   ,00:04:53:29,00:04:54:16,00:00:00:17,Unmuted,1,8819
1,748,Heartbeat Tempo Mapped-34.L   ,00:04:54:18,00:04:54:26,00:00:00:07,Unmuted,0,8838
1,749,Heartbeat Tempo Mapped-35.L   ,00:04:54:27,00:04:55:15,00:00:00:18,Unmuted,1,8847
1,750,Heartbeat Tempo Mapped-36.L   ,00:04:55:17,00:04:55:25,00:00:00:07,Unmuted,0,8867
1,751,Heartbeat Tempo Mapped-37.L   ,00:04:55:26,00:04:56:14,00:00:00:17,Unmuted,1,8876
1,752,Heartbeat Tempo Mapped-38.L   ,00:04:56:16,00:04:56:24,00:00:00:08,Unmuted,0,8896
1,753,Heartbeat Tempo Mapped-39.L   ,00:04:56:25,00:04:57:13,00:00:00:17,Unmuted,1,8905
1,754,Heartbeat Tempo Mapped-40.L   ,00:04:57:15,00:04:57:23,00:00:00:08,Unmuted,0,8925
1,756,Heartbeat Tempo Mapped-42.L   ,00:04:57:24,00:04:58:12,00:00:00:17,Unmuted,1,8934
1,757,Heartbeat Tempo Mapped-34.L   ,00:04:58:14,00:04:58:22,00:00:00:07,Unmuted,0,8954
1,758,Heartbeat Tempo Mapped-35.L   ,00:04:58:22,00:04:59:11,00:00:00:18,Unmuted,1,8962
1,759,Heartbeat Tempo Mapped-36.L   ,00:04:59:13,00:04:59:21,00:00:00:07,Unmuted,0,8983
1,760,Heartbeat Tempo Mapped-37.L   ,00:04:59:22,00:05:00:09,00:00:00:17,Unmuted,1,8992
1,761,Heartbeat Tempo Mapped-38.L   ,00:05:00:11,00:05:00:20,00:00:00:08,Unmuted,0,9011
1,762,Heartbeat Tempo Mapped-39.L   ,00:05:00:21,00:05:01:09,00:00:00:17,Unmuted,1,9021
1,763,Heartbeat Tempo Mapped-40.L   ,00:05:01:11,00:05:01:19,00:00:00:08,Unmuted,0,9041
1,765,Heartbeat Tempo Mapped-42.L   ,00:05:01:20,00:05:02:07,00:00:00:17,Unmuted,1,9050
1,766,Heartbeat Tempo Mapped-34.L   ,00:05:02:10,00:05:02:17,00:00:00:07,Unmuted,0,9070
1,767,Heartbeat Tempo Mapped-35.L   ,00:05:02:18,00:05:03:06,00:00:00:18,Unmuted,1,9078
1,768,Heartbeat Tempo Mapped-36.L   ,00:05:03:09,00:05:03:17,00:00:00:07,Unmuted,0,9099
1,769,Heartbeat Tempo Mapped-37.L   ,00:05:03:18,00:05:04:05,00:00:00:17,Unmuted,1,9108
1,770,Heartbeat Tempo Mapped-38.L   ,00:05:04:07,00:05:04:16,00:00:00:08,Unmuted,0,9127
1,771,Heartbeat Tempo Mapped-39.L   ,00:05:04:17,00:05:05:05,00:00:00:17,Unmuted,1,9137
1,772,Heartbeat Tempo Mapped-40.L   ,00:05:05:07,00:05:05:15,00:00:00:08,Unmuted,0,9157
1,774,Heartbeat Tempo Mapped-42.L   ,00:05:05:16,00:05:06:04,00:00:00:17,Unmuted,1,9166
1,775,Heartbeat Tempo Mapped-34.L   ,00:05:06:06,00:05:06:14,00:00:00:07,Unmuted,0,9186
1,776,Heartbeat Tempo Mapped-35.L   ,00:05:06:15,00:05:07:03,00:00:00:18,Unmuted,1,9195
1,777,Heartbeat Tempo Mapped-36.L   ,00:05:07:05,00:05:07:13,00:00:00:07,Unmuted,0,9215
1,778,Heartbeat Tempo Mapped-37.L   ,00:05:07:14,00:05:08:02,00:00:00:17,Unmuted,1,9224
1,779,Heartbeat Tempo Mapped-38.L   ,00:05:08:04,00:05:08:13,00:00:00:08,Unmuted,0,9244
1,780,Heartbeat Tempo Mapped-39.L   ,00:05:08:14,00:05:09:01,00:00:00:17,Unmuted,1,9254
1,781,Heartbeat Tempo Mapped-40.L   ,00:05:09:03,00:05:09:12,00:00:00:08,Unmuted,0,9273
1,783,Heartbeat Tempo Mapped-42.L   ,00:05:09:13,00:05:10:00,00:00:00:17,Unmuted,1,9283
1,784,Heartbeat Tempo Mapped-34.L   ,00:05:10:03,00:05:10:10,00:00:00:07,Unmuted,0,9303
1,785,Heartbeat Tempo Mapped-35.L   ,00:05:10:11,00:05:11:00,00:00:00:18,Unmuted,1,9311
1,786,Heartbeat Tempo Mapped-36.L   ,00:05:11:02,00:05:11:10,00:00:00:07,Unmuted,0,9332
1,787,Heartbeat Tempo Mapped-37.L   ,00:05:11:11,00:05:11:29,00:00:00:17,Unmuted,1,9341
1,788,Heartbeat Tempo Mapped-38.L   ,00:05:12:01,00:05:12:10,00:00:00:08,Unmuted,0,9361
1,789,Heartbeat Tempo Mapped-39.L   ,00:05:12:11,00:05:12:28,00:00:00:17,Unmuted,1,9371
1,790,Heartbeat Tempo Mapped-40.L   ,00:05:13:00,00:05:13:09,00:00:00:08,Unmuted,0,9390
1,792,Heartbeat Tempo Mapped-42.L   ,00:05:13:10,00:05:13:27,00:00:00:17,Unmuted,1,9400
1,793,Heartbeat Tempo Mapped-34.L   ,00:05:14:00,00:05:14:08,00:00:00:07,Unmuted,0,9420
1,794,Heartbeat Tempo Mapped-35.L   ,00:05:14:09,00:05:14:27,00:00:00:18,Unmuted,1,9429
1,795,Heartbeat Tempo Mapped-36.L   ,00:05:14:29,00:05:15:07,00:00:00:07,Unmuted,0,9449
1,796,Heartbeat Tempo Mapped-37.L   ,00:05:15:08,00:05:15:26,00:00:00:17,Unmuted,1,9458
1,797,Heartbeat Tempo Mapped-38.L   ,00:05:15:28,00:05:16:07,00:00:00:08,Unmuted,0,9478
1,798,Heartbeat Tempo Mapped-39.L   ,00:05:16:08,00:05:16:26,00:00:00:17,Unmuted,1,9488
1,799,Heartbeat Tempo Mapped-40.L   ,00:05:16:28,00:05:17:06,00:00:00:08,Unmuted,0,9508
1,801,Heartbeat Tempo Mapped-42.L   ,00:05:17:07,00:05:17:25,00:00:00:17,Unmuted,1,9517
1,802,Heartbeat Tempo Mapped-34.L   ,00:05:17:28,00:05:18:05,00:00:00:07,Unmuted,0,9538
1,803,Heartbeat Tempo Mapped-35.L   ,00:05:18:06,00:05:18:25,00:00:00:18,Unmuted,1,9546
1,804,Heartbeat Tempo Mapped-36.L   ,00:05:18:27,00:05:19:05,00:00:00:07,Unmuted,0,9567
1,805,Heartbeat Tempo Mapped-37.L   ,00:05:19:06,00:05:19:24,00:00:00:17,Unmuted,1,9576
1,806,Heartbeat Tempo Mapped-38.L   ,00:05:19:26,00:05:20:05,00:00:00:08,Unmuted,0,9596
1,807,Heartbeat Tempo Mapped-39.L   ,00:05:20:06,00:05:20:24,00:00:00:17,Unmuted,1,9606
1,808,Heartbeat Tempo Mapped-40.L   ,00:05:20:26,00:05:21:04,00:00:00:08,Unmuted,0,9626
1,810,Heartbeat Tempo Mapped-42.L   ,00:05:21:06,00:05:21:23,00:00:00:17,Unmuted,1,9636
1,811,Heartbeat Tempo Mapped-34.L   ,00:05:21:26,00:05:22:03,00:00:00:07,Unmuted,0,9656
1,812,Heartbeat Tempo Mapped-35.L   ,00:05:22:05,00:05:22:23,00:00:00:18,Unmuted,1,9665
1,813,Heartbeat Tempo Mapped-36.L   ,00:05:22:25,00:05:23:03,00:00:00:07,Unmuted,0,9685
1,814,Heartbeat Tempo Mapped-37.L   ,00:05:23:04,00:05:23:22,00:00:00:17,Unmuted,1,9694
1,815,Heartbeat Tempo Mapped-38.L   ,00:05:23:25,00:05:24:03,00:00:00:08,Unmuted,0,9715
1,816,Heartbeat Tempo Mapped-39.L   ,00:05:24:05,00:05:24:22,00:00:00:17,Unmuted,1,9725
1,817,Heartbeat Tempo Mapped-40.L   ,00:05:24:25,00:05:25:03,00:00:00:08,Unmuted,0,9745
1,819,Heartbeat Tempo Mapped-42.L   ,00:05:25:04,00:05:25:22,00:00:00:17,Unmuted,1,9754
1,820,Heartbeat Tempo Mapped-34.L   ,00:05:25:24,00:05:26:02,00:00:00:07,Unmuted,0,9774
1,821,Heartbeat Tempo Mapped-35.L   ,00:05:26:03,00:05:26:21,00:00:00:18,Unmuted,1,9783
1,822,Heartbeat Tempo Mapped-36.L   ,00:05:26:24,00:05:27:02,00:00:00:07,Unmuted,0,9804
1,823,Heartbeat Tempo Mapped-37.L   ,00:05:27:03,00:05:27:21,00:00:00:17,Unmuted,1,9813
1,824,Heartbeat Tempo Mapped-38.L   ,00:05:27:24,00:05:28:02,00:00:00:08,Unmuted,0,9834
1,825,Heartbeat Tempo Mapped-39.L   ,00:05:28:03,00:05:28:21,00:00:00:17,Unmuted,1,9843
1,826,Heartbeat Tempo Mapped-40.L   ,00:05:28:24,00:05:29:02,00:00:00:08,Unmuted,0,9864
1,828,Heartbeat Tempo Mapped-42.L   ,00:05:29:03,00:05:29:21,00:00:00:17,Unmuted,1,9873
1,829,Heartbeat Tempo Mapped-34.L   ,00:05:29:23,00:05:30:01,00:00:00:07,Unmuted,0,9893
1,830,Heartbeat Tempo Mapped-35.L   ,00:05:30:02,00:05:30:21,00:00:00:18,Unmuted,1,9902
1,831,Heartbeat Tempo Mapped-36.L   ,00:05:30:23,00:05:31:01,00:00:00:07,Unmuted,0,9923
1,832,Heartbeat Tempo Mapped-37.L   ,00:05:31:02,00:05:31:20,00:00:00:17,Unmuted,1,9932
1,833,Heartbeat Tempo Mapped-38.L   ,00:05:31:23,00:05:32:02,00:00:00:08,Unmuted,0,9953
1,834,Heartbeat Tempo Mapped-39.L   ,00:05:32:03,00:05:32:20,00:00:00:17,Unmuted,1,9963
1,835,Heartbeat Tempo Mapped-40.L   ,00:05:32:23,00:05:33:01,00:00:00:08,Unmuted,0,9983
1,837,Heartbeat Tempo Mapped-42.L   ,00:05:33:03,00:05:33:20,00:00:00:17,Unmuted,1,9993
1,838,Heartbeat Tempo Mapped-34.L   ,00:05:33:23,00:05:34:01,00:00:00:07,Unmuted,0,10013
1,839,Heartbeat Tempo Mapped-35.L   ,00:05:34:02,00:05:34:20,00:00:00:18,Unmuted,1,10022
1,840,Heartbeat Tempo Mapped-36.L   ,00:05:34:23,00:05:35:01,00:00:00:07,Unmuted,0,10043
1,841,Heartbeat Tempo Mapped-37.L   ,00:05:35:02,00:05:35:20,00:00:00:17,Unmuted,1,10052
1,842,Heartbeat Tempo Mapped-38.L   ,00:05:35:23,00:05:36:01,00:00:00:08,Unmuted,0,10073
1,843,Heartbeat Tempo Mapped-39.L   ,00:05:36:03,00:05:36:20,00:00:00:17,Unmuted,1,10083
1,844,Heartbeat Tempo Mapped-40.L   ,00:05:36:23,00:05:37:01,00:00:00:08,Unmuted,0,10103
1,846,Heartbeat Tempo Mapped-42.L   ,00:05:37:03,00:05:37:20,00:00:00:17,Unmuted,1,10113
1,847,Heartbeat Tempo Mapped-34.L   ,00:05:37:23,00:05:38:01,00:00:00:07,Unmuted,0,10133
1,848,Heartbeat Tempo Mapped-35.L   ,00:05:38:02,00:05:38:20,00:00:00:18,Unmuted,1,10142
1,849,Heartbeat Tempo Mapped-36.L   ,00:05:38:23,00:05:39:01,00:00:00:07,Unmuted,0,10163
1,850,Heartbeat Tempo Mapped-37.L   ,00:05:39:02,00:05:39:20,00:00:00:17,Unmuted,1,10172
1,851,Heartbeat Tempo Mapped-38.L   ,00:05:39:23,00:05:40:02,00:00:00:08,Unmuted,0,10193
1,852,Heartbeat Tempo Mapped-39.L   ,00:05:40:03,00:05:40:21,00:00:00:17,Unmuted,1,10203
1,853,Heartbeat Tempo Mapped-40.L   ,00:05:40:23,00:05:41:02,00:00:00:08,Unmuted,0,10223
1,855,Heartbeat Tempo Mapped-42.L   ,00:05:41:03,00:05:41:21,00:00:00:17,Unmuted,1,10233
1,856,Heartbeat Tempo Mapped-34.L   ,00:05:41:24,00:05:42:01,00:00:00:07,Unmuted,0,10254
1,857,Heartbeat Tempo Mapped-35.L   ,00:05:42:03,00:05:42:21,00:00:00:18,Unmuted,1,10263
1,858,Heartbeat Tempo Mapped-36.L   ,00:05:42:24,00:05:43:02,00:00:00:07,Unmuted,0,10284
1,859,Heartbeat Tempo Mapped-37.L   ,00:05:43:03,00:05:43:21,00:00:00:17,Unmuted,1,10293
1,860,Heartbeat Tempo Mapped-38.L   ,00:05:43:24,00:05:44:02,00:00:00:08,Unmuted,0,10314
1,861,Heartbeat Tempo Mapped-39.L   ,00:05:44:04,00:05:44:21,00:00:00:17,Unmuted,1,10324
1,862,Heartbeat Tempo Mapped-40.L   ,00:05:44:24,00:05:45:03,00:00:00:08,Unmuted,0,10344
1,864,Heartbeat Tempo Mapped-42.L   ,00:05:45:04,00:05:45:22,00:00:00:17,Unmuted,1,10354
1,865,Heartbeat Tempo Mapped-34.L   ,00:05:45:25,00:05:46:02,00:00:00:07,Unmuted,0,10375
1,866,Heartbeat Tempo Mapped-35.L   ,00:05:46:04,00:05:46:22,00:00:00:18,Unmuted,1,10384
1,867,Heartbeat Tempo Mapped-36.L   ,00:05:46:25,00:05:47:03,00:00:00:07,Unmuted,0,10405
1,868,Heartbeat Tempo Mapped-37.L   ,00:05:47:04,00:05:47:22,00:00:00:17,Unmuted,1,10414
1,869,Heartbeat Tempo Mapped-38.L   ,00:05:47:25,00:05:48:04,00:00:00:08,Unmuted,0,10435
1,870,Heartbeat Tempo Mapped-39.L   ,00:05:48:05,00:05:48:23,00:00:00:17,Unmuted,1,10445
1,871,Heartbeat Tempo Mapped-40.L   ,00:05:48:26,00:05:49:04,00:00:00:08,Unmuted,0,10466
1,873,Heartbeat Tempo Mapped-42.L   ,00:05:49:06,00:05:49:23,00:00:00:17,Unmuted,1,10476
1,874,Heartbeat Tempo Mapped-34.L   ,00:05:49:26,00:05:50:04,00:00:00:07,Unmuted,0,10496
1,875,Heartbeat Tempo Mapped-35.L   ,00:05:50:05,00:05:50:24,00:00:00:18,Unmuted,1,10505
1,876,Heartbeat Tempo Mapped-36.L   ,00:05:50:27,00:05:51:05,00:00:00:07,Unmuted,0,10527
1,877,Heartbeat Tempo Mapped-37.L   ,00:05:51:06,00:05:51:24,00:00:00:17,Unmuted,1,10536
1,878,Heartbeat Tempo Mapped-38.L   ,00:05:51:27,00:05:52:06,00:00:00:08,Unmuted,0,10557
1,879,Heartbeat Tempo Mapped-39.L   ,00:05:52:07,00:05:52:25,00:00:00:17,Unmuted,1,10567
1,880,Heartbeat Tempo Mapped-40.L   ,00:05:52:28,00:05:53:06,00:00:00:08,Unmuted,0,10588
1,882,Heartbeat Tempo Mapped-42.L   ,00:05:53:08,00:05:53:25,00:00:00:17,Unmuted,1,10598
1,883,Heartbeat Tempo Mapped-34.L   ,00:05:53:28,00:05:54:06,00:00:00:07,Unmuted,0,10618
1,884,Heartbeat Tempo Mapped-35.L   ,00:05:54:07,00:05:54:26,00:00:00:18,Unmuted,1,10627
1,885,Heartbeat Tempo Mapped-36.L   ,00:05:54:29,00:05:55:07,00:00:00:07,Unmuted,0,10649
1,886,Heartbeat Tempo Mapped-37.L   ,00:05:55:08,00:05:55:26,00:00:00:17,Unmuted,1,10658
1,887,Heartbeat Tempo Mapped-38.L   ,00:05:55:29,00:05:56:08,00:00:00:08,Unmuted,0,10679
1,888,Heartbeat Tempo Mapped-39.L   ,00:05:56:09,00:05:56:27,00:00:00:17,Unmuted,1,10689
1,889,Heartbeat Tempo Mapped-40.L   ,00:05:57:00,00:05:57:08,00:00:00:08,Unmuted,0,10710
1,891,Heartbeat Tempo Mapped-65.L   ,00:05:57:10,00:05:57:28,00:00:00:17,Unmuted,1,10720
1,892,Heartbeat Tempo Mapped-34.L   ,00:05:58:01,00:05:58:09,00:00:00:07,Unmuted,0,10741
1,893,Heartbeat Tempo Mapped-35.L   ,00:05:58:10,00:05:58:28,00:00:00:18,Unmuted,1,10750
1,894,Heartbeat Tempo Mapped-36.L   ,00:05:59:02,00:05:59:10,00:00:00:07,Unmuted,0,10772
1,895,Heartbeat Tempo Mapped-37.L   ,00:05:59:11,00:05:59:29,00:00:00:17,Unmuted,1,10781
1,896,Heartbeat Tempo Mapped-38.L   ,00:06:00:02,00:06:00:11,00:00:00:08,Unmuted,0,10802
1,897,Heartbeat Tempo Mapped-39.L   ,00:06:00:12,00:06:01:00,00:00:00:17,Unmuted,1,10812
1,898,Heartbeat Tempo Mapped-40.L   ,00:06:01:03,00:06:01:11,00:00:00:08,Unmuted,0,10833
1,900,Heartbeat Tempo Mapped-66.L   ,00:06:01:13,00:06:02:01,00:00:00:17,Unmuted,1,10843
1,901,Heartbeat Tempo Mapped-34.L   ,00:06:02:04,00:06:02:12,00:00:00:07,Unmuted,0,10864
1,902,Heartbeat Tempo Mapped-35.L   ,00:06:02:13,00:06:03:01,00:00:00:18,Unmuted,1,10873
1,903,Heartbeat Tempo Mapped-36.L   ,00:06:03:05,00:06:03:13,00:00:00:07,Unmuted,0,10895
1,904,Heartbeat Tempo Mapped-37.L   ,00:06:03:14,00:06:04:02,00:00:00:17,Unmuted,1,10904
1,905,Heartbeat Tempo Mapped-38.L   ,00:06:04:06,00:06:04:14,00:00:00:08,Unmuted,0,10926
1,906,Heartbeat Tempo Mapped-39.L   ,00:06:04:16,00:06:05:03,00:00:00:17,Unmuted,1,10936
1,907,Heartbeat Tempo Mapped-40.L   ,00:06:05:07,00:06:05:15,00:00:00:08,Unmuted,0,10957
1,909,Heartbeat Tempo Mapped-67.L   ,00:06:05:17,00:06:06:05,00:00:00:17,Unmuted,1,10967
1,910,Heartbeat Tempo Mapped-34.L   ,00:06:06:09,00:06:06:16,00:00:00:07,Unmuted,0,10989
1,911,Heartbeat Tempo Mapped-35.L   ,00:06:06:18,00:06:07:06,00:00:00:18,Unmuted,1,10998
1,912,Heartbeat Tempo Mapped-36.L   ,00:06:07:11,00:06:07:18,00:00:00:07,Unmuted,0,11021
1,913,Heartbeat Tempo Mapped-37.L   ,00:06:07:20,00:06:08:08,00:00:00:17,Unmuted,1,11030
1,914,Heartbeat Tempo Mapped-38.L   ,00:06:08:13,00:06:08:21,00:00:00:08,Unmuted,0,11053
1,915,Heartbeat Tempo Mapped-39.L   ,00:06:08:23,00:06:09:11,00:00:00:17,Unmuted,1,11063
1,916,Heartbeat Tempo Mapped-40.L   ,00:06:09:15,00:06:09:23,00:00:00:08,Unmuted,0,11085
1,918,Heartbeat Tempo Mapped-68.L   ,00:06:09:26,00:06:10:13,00:00:00:17,Unmuted,1,11096
1,919,Heartbeat Tempo Mapped-34.L   ,00:06:10:18,00:06:10:26,00:00:00:07,Unmuted,0,11118
1,920,Heartbeat Tempo Mapped-35.L   ,00:06:10:28,00:06:11:16,00:00:00:18,Unmuted,1,11128
1,921,Heartbeat Tempo Mapped-36.L   ,00:06:11:22,00:06:11:29,00:00:00:07,Unmuted,0,11152
1,922,Heartbeat Tempo Mapped-37.L   ,00:06:12:02,00:06:12:20,00:00:00:17,Unmuted,1,11162
1,923,Heartbeat Tempo Mapped-38.L   ,00:06:12:25,00:06:13:04,00:00:00:08,Unmuted,0,11185
1,924,Heartbeat Tempo Mapped-39.L   ,00:06:13:06,00:06:13:24,00:00:00:17,Unmuted,1,11196
1,925,Heartbeat Tempo Mapped-40.L   ,00:06:13:29,00:06:14:07,00:00:00:08,Unmuted,0,11219
1,927,Heartbeat Tempo Mapped-69.L   ,00:06:14:10,00:06:14:28,00:00:00:17,Unmuted,1,11230
1,928,Heartbeat Tempo Mapped-34.L   ,00:06:15:04,00:06:15:11,00:00:00:07,Unmuted,0,11254
1,929,Heartbeat Tempo Mapped-35.L   ,00:06:15:14,00:06:16:02,00:00:00:18,Unmuted,1,11264
1,930,Heartbeat Tempo Mapped-36.L   ,00:06:16:08,00:06:16:16,00:00:00:07,Unmuted,0,11288
1,931,Heartbeat Tempo Mapped-37.L   ,00:06:16:19,00:06:17:07,00:00:00:17,Unmuted,1,11299
1,932,Heartbeat Tempo Mapped-38.L   ,00:06:17:13,00:06:17:22,00:00:00:08,Unmuted,0,11323
1,933,Heartbeat Tempo Mapped-39.L   ,00:06:17:25,00:06:18:13,00:00:00:17,Unmuted,1,11335
1,934,Heartbeat Tempo Mapped-40.L   ,00:06:18:19,00:06:18:27,00:00:00:08,Unmuted,0,11359
1,936,Heartbeat Tempo Mapped-70.L   ,00:06:19:01,00:06:19:18,00:00:00:17,Unmuted,1,11371
1,937,Heartbeat Tempo Mapped-34.L   ,00:06:19:25,00:06:20:03,00:00:00:07,Unmuted,0,11395
1,938,Heartbeat Tempo Mapped-35.L   ,00:06:20:06,00:06:20:24,00:00:00:18,Unmuted,1,11406
1,939,Heartbeat Tempo Mapped-36.L   ,00:06:21:02,00:06:21:10,00:00:00:07,Unmuted,0,11432
1,940,Heartbeat Tempo Mapped-37.L   ,00:06:21:13,00:06:22:01,00:00:00:17,Unmuted,1,11443
1,941,Heartbeat Tempo Mapped-38.L   ,00:06:22:08,00:06:22:17,00:00:00:08,Unmuted,0,11468
1,942,Heartbeat Tempo Mapped-39.L   ,00:06:22:21,00:06:23:08,00:00:00:17,Unmuted,1,11481
1,943,Heartbeat Tempo Mapped-40.L   ,00:06:23:16,00:06:23:24,00:00:00:08,Unmuted,0,11506
1,945,Heartbeat Tempo Mapped-71.L   ,00:06:23:28,00:06:24:16,00:00:00:17,Unmuted,1,11518
1,946,Heartbeat Tempo Mapped-34.L   ,00:06:24:24,00:06:25:02,00:00:00:07,Unmuted,0,11544
1,947,Heartbeat Tempo Mapped-35.L   ,00:06:25:05,00:06:25:23,00:00:00:18,Unmuted,1,11555
1,948,Heartbeat Tempo Mapped-36.L   ,00:06:26:02,00:06:26:10,00:00:00:07,Unmuted,0,11582
1,949,Heartbeat Tempo Mapped-37.L   ,00:06:26:14,00:06:27:02,00:00:00:17,Unmuted,1,11594
1,950,Heartbeat Tempo Mapped-38.L   ,00:06:27:11,00:06:27:19,00:00:00:08,Unmuted,0,11621
1,951,Heartbeat Tempo Mapped-39.L   ,00:06:27:24,00:06:28:11,00:00:00:17,Unmuted,1,11634
1,952,Heartbeat Tempo Mapped-40.L   ,00:06:28:20,00:06:28:28,00:00:00:08,Unmuted,0,11660
1,954,Heartbeat Tempo Mapped-72.L   ,00:06:29:03,00:06:29:21,00:00:00:17,Unmuted,1,11673
1,955,Heartbeat Tempo Mapped-34.L   ,00:06:30:00,00:06:30:08,00:00:00:07,Unmuted,0,11700
1,956,Heartbeat Tempo Mapped-35.L   ,00:06:30:12,00:06:31:00,00:00:00:18,Unmuted,1,11712
1,957,Heartbeat Tempo Mapped-36.L   ,00:06:31:10,00:06:31:18,00:00:00:07,Unmuted,0,11740
1,958,Heartbeat Tempo Mapped-37.L   ,00:06:31:23,00:06:32:11,00:00:00:17,Unmuted,1,11753
1,959,Heartbeat Tempo Mapped-38.L   ,00:06:32:21,00:06:32:29,00:00:00:08,Unmuted,0,11781
1,960,Heartbeat Tempo Mapped-39.L   ,00:06:33:04,00:06:33:22,00:00:00:17,Unmuted,1,11794
1,961,Heartbeat Tempo Mapped-40.L   ,00:06:34:02,00:06:34:11,00:00:00:08,Unmuted,0,11822
1,963,Heartbeat Tempo Mapped-42.L   ,00:06:34:16,00:06:35:03,00:00:00:17,Unmuted,1,11836
1,964,Heartbeat Tempo Mapped-34.L   ,00:06:35:14,00:06:35:22,00:00:00:07,Unmuted,0,11864
1,965,Heartbeat Tempo Mapped-35.L   ,00:06:35:27,00:06:36:15,00:00:00:18,Unmuted,1,11877
1,966,Heartbeat Tempo Mapped-36.L   ,00:06:36:27,00:06:37:05,00:00:00:07,Unmuted,0,11907
1,967,Heartbeat Tempo Mapped-37.L   ,00:06:37:10,00:06:37:28,00:00:00:17,Unmuted,1,11920
1,968,Heartbeat Tempo Mapped-38.L   ,00:06:38:10,00:06:38:18,00:00:00:08,Unmuted,0,11950
1,969,Heartbeat Tempo Mapped-39.L   ,00:06:38:24,00:06:39:12,00:00:00:17,Unmuted,1,11964
1,970,Heartbeat Tempo Mapped-40.L   ,00:06:39:24,00:06:40:02,00:00:00:08,Unmuted,0,11994
1,972,Heartbeat Tempo Mapped-42.L   ,00:06:40:08,00:06:40:26,00:00:00:17,Unmuted,1,12008
1,973,Heartbeat Tempo Mapped-34.L   ,00:06:41:08,00:06:41:16,00:00:00:07,Unmuted,0,12038
1,974,Heartbeat Tempo Mapped-35.L   ,00:06:41:22,00:06:42:10,00:00:00:18,Unmuted,1,12052
1,975,Heartbeat Tempo Mapped-36.L   ,00:06:42:23,00:06:43:01,00:00:00:07,Unmuted,0,12083
1,976,Heartbeat Tempo Mapped-37.L   ,00:06:43:07,00:06:43:25,00:00:00:17,Unmuted,1,12097
1,977,Heartbeat Tempo Mapped-38.L   ,00:06:44:09,00:06:44:17,00:00:00:08,Unmuted,0,12129
1,978,Heartbeat Tempo Mapped-39.L   ,00:06:44:24,00:06:45:12,00:00:00:17,Unmuted,1,12144
1,979,Heartbeat Tempo Mapped-40.L   ,00:06:45:25,00:06:46:04,00:00:00:08,Unmuted,0,12175
1,981,Heartbeat Tempo Mapped-42.L   ,00:06:46:10,00:06:46:28,00:00:00:17,Unmuted,1,12190
1,982,Heartbeat Tempo Mapped-34.L   ,00:06:47:13,00:06:47:20,00:00:00:07,Unmuted,0,12223
1,983,Heartbeat Tempo Mapped-35.L   ,00:06:47:27,00:06:48:15,00:00:00:18,Unmuted,1,12237
1,984,Heartbeat Tempo Mapped-36.L   ,00:06:49:00,00:06:49:08,00:00:00:07,Unmuted,0,12270
1,985,Heartbeat Tempo Mapped-37.L   ,00:06:49:15,00:06:50:03,00:00:00:17,Unmuted,1,12285
1,986,Heartbeat Tempo Mapped-38.L   ,00:06:50:19,00:06:50:27,00:00:00:08,Unmuted,0,12319
1,987,Heartbeat Tempo Mapped-39.L   ,00:06:51:05,00:06:51:23,00:00:00:17,Unmuted,1,12335
1,988,Heartbeat Tempo Mapped-40.L   ,00:06:52:08,00:06:52:17,00:00:00:08,Unmuted,0,12368
1,990,Heartbeat Tempo Mapped-42.L   ,00:06:52:24,00:06:53:12,00:00:00:17,Unmuted,1,12384
1,991,Heartbeat Tempo Mapped-34.L   ,00:06:53:29,00:06:54:06,00:00:00:07,Unmuted,0,12419
1,992,Heartbeat Tempo Mapped-35.L   ,00:06:54:14,00:06:55:02,00:00:00:18,Unmuted,1,12434
1,993,Heartbeat Tempo Mapped-36.L   ,00:06:55:20,00:06:55:28,00:00:00:07,Unmuted,0,12470
1,994,Heartbeat Tempo Mapped-37.L   ,00:06:56:05,00:06:56:23,00:00:00:17,Unmuted,1,12485
1,995,Heartbeat Tempo Mapped-38.L   ,00:06:57:11,00:06:57:20,00:00:00:08,Unmuted,0,12521
1,996,Heartbeat Tempo Mapped-39.L   ,00:06:57:29,00:06:58:16,00:00:00:17,Unmuted,1,12539
1,997,Heartbeat Tempo Mapped-40.L   ,00:06:59:04,00:06:59:13,00:00:00:08,Unmuted,0,12574
1,999,Heartbeat Tempo Mapped-42.L   ,00:06:59:22,00:07:00:09,00:00:00:17,Unmuted,1,12592
1,1000,Heartbeat Tempo Mapped-34.L   ,00:07:00:28,00:07:01:06,00:00:00:07,Unmuted,0,12628
1,1001,Heartbeat Tempo Mapped-35.L   ,00:07:01:14,00:07:02:03,00:00:00:18,Unmuted,1,12644
1,1002,Heartbeat Tempo Mapped-36.L   ,00:07:02:23,00:07:03:01,00:00:00:07,Unmuted,0,12683
1,1003,Heartbeat Tempo Mapped-37.L   ,00:07:03:10,00:07:03:28,00:00:00:17,Unmuted,1,12700
1,1004,Heartbeat Tempo Mapped-38.L   ,00:07:04:18,00:07:04:27,00:00:00:08,Unmuted,0,12738
1,1005,Heartbeat Tempo Mapped-39.L   ,00:07:05:07,00:07:05:24,00:00:00:17,Unmuted,1,12757
1,1006,Heartbeat Tempo Mapped-40.L   ,00:07:06:15,00:07:06:23,00:00:00:08,Unmuted,0,12795
1,1008,Heartbeat Tempo Mapped-42.L   ,00:07:07:04,00:07:07:21,00:00:00:17,Unmuted,1,12814
1,1009,Heartbeat Tempo Mapped-34.L   ,00:07:08:13,00:07:08:21,00:00:00:07,Unmuted,0,12853
1,1010,Heartbeat Tempo Mapped-35.L   ,00:07:09:01,00:07:09:19,00:00:00:18,Unmuted,1,12871
1,1011,Heartbeat Tempo Mapped-36.L   ,00:07:10:12,00:07:10:20,00:00:00:07,Unmuted,0,12912
1,1012,Heartbeat Tempo Mapped-37.L   ,00:07:11:00,00:07:11:18,00:00:00:17,Unmuted,1,12930
1,1013,Heartbeat Tempo Mapped-38.L   ,00:07:12:12,00:07:12:20,00:00:00:08,Unmuted,0,12972
1,1014,Heartbeat Tempo Mapped-39.L   ,00:07:13:02,00:07:13:19,00:00:00:17,Unmuted,1,12992
1,1015,Heartbeat Tempo Mapped-40.L   ,00:07:14:13,00:07:14:21,00:00:00:08,Unmuted,0,13033
1,1017,Heartbeat Tempo Mapped-42.L   ,00:07:15:03,00:07:15:21,00:00:00:17,Unmuted,1,13053
1,1018,Heartbeat Tempo Mapped-34.L   ,00:07:16:16,00:07:16:24,00:00:00:07,Unmuted,0,13096
1,1019,Heartbeat Tempo Mapped-35.L   ,00:07:17:05,00:07:17:23,00:00:00:18,Unmuted,1,13115
1,1020,Heartbeat Tempo Mapped-36.L   ,00:07:18:20,00:07:18:28,00:00:00:07,Unmuted,0,13160
1,1021,Heartbeat Tempo Mapped-37.L   ,00:07:19:09,00:07:19:27,00:00:00:17,Unmuted,1,13179
1,1022,Heartbeat Tempo Mapped-38.L   ,00:07:20:24,00:07:21:03,00:00:00:08,Unmuted,0,13224
1,1023,Heartbeat Tempo Mapped-39.L   ,00:07:21:16,00:07:22:04,00:00:00:17,Unmuted,1,13246
1,1024,Heartbeat Tempo Mapped-40.L   ,00:07:23:01,00:07:23:10,00:00:00:08,Unmuted,0,13291
1,1026,Heartbeat Tempo Mapped-42.L   ,00:07:23:23,00:07:24:11,00:00:00:17,Unmuted,1,13313
1,1027,Heartbeat Tempo Mapped-34.L   ,00:07:25:09,00:07:25:17,00:00:00:07,Unmuted,0,13359
1,1028,Heartbeat Tempo Mapped-35.L   ,00:07:26:00,00:07:26:18,00:00:00:18,Unmuted,1,13380
1,1029,Heartbeat Tempo Mapped-36.L   ,00:07:27:19,00:07:27:27,00:00:00:07,Unmuted,0,13429
1,1030,Heartbeat Tempo Mapped-37.L   ,00:07:28:11,00:07:28:29,00:00:00:17,Unmuted,1,13451
1,1031,Heartbeat Tempo Mapped-38.L   ,00:07:30:00,00:07:30:08,00:00:00:08,Unmuted,0,13500
1,1032,Heartbeat Tempo Mapped-39.L   ,00:07:30:24,00:07:31:11,00:00:00:17,Unmuted,1,13524
1,1033,Heartbeat Tempo Mapped-40.L   ,00:07:32:13,00:07:32:21,00:00:00:08,Unmuted,0,13573
1,1035,Heartbeat Tempo Mapped-42.L   ,00:07:33:07,00:07:33:25,00:00:00:17,Unmuted,1,13597
1,1036,Heartbeat Tempo Mapped-34.L   ,00:07:34:28,00:07:35:06,00:00:00:07,Unmuted,0,13648
1,1037,Heartbeat Tempo Mapped-35.L   ,00:07:35:21,00:07:36:09,00:00:00:18,Unmuted,1,13671
1,1038,Heartbeat Tempo Mapped-36.L   ,00:07:37:15,00:07:37:23,00:00:00:07,Unmuted,0,13725
1,1039,Heartbeat Tempo Mapped-37.L   ,00:07:38:08,00:07:38:26,00:00:00:17,Unmuted,1,13748
1,1040,Heartbeat Tempo Mapped-38.L   ,00:07:40:03,00:07:40:11,00:00:00:08,Unmuted,0,13803
1,1041,Heartbeat Tempo Mapped-39.L   ,00:07:40:29,00:07:41:17,00:00:00:17,Unmuted,1,13829
1,1042,Heartbeat Tempo Mapped-40.L   ,00:07:42:24,00:07:43:02,00:00:00:08,Unmuted,0,13884
1,1044,Heartbeat Tempo Mapped-42.L   ,00:07:43:20,00:07:44:08,00:00:00:17,Unmuted,1,13910
1,1045,Heartbeat Tempo Mapped-34.L   ,00:07:45:16,00:07:45:24,00:00:00:07,Unmuted,0,13966
1,1046,Heartbeat Tempo Mapped-35.L   ,00:07:46:12,00:07:47:00,00:00:00:18,Unmuted,1,13992
1,1047,Heartbeat Tempo Mapped-36.L   ,00:07:48:12,00:07:48:20,00:00:00:07,Unmuted,0,14052
1,1048,Heartbeat Tempo Mapped-37.L   ,00:07:49:08,00:07:49:26,00:00:00:17,Unmuted,1,14078
1,1049,Heartbeat Tempo Mapped-38.L   ,00:07:51:09,00:07:51:17,00:00:00:08,Unmuted,0,14139
1,1050,Heartbeat Tempo Mapped-39.L   ,00:07:52:08,00:07:52:26,00:00:00:17,Unmuted,1,14168
1,1051,Heartbeat Tempo Mapped-40.L   ,00:07:54:09,00:07:54:17,00:00:00:08,Unmuted,0,14229
1,1053,Heartbeat Tempo Mapped-42.L   ,00:07:55:09,00:07:55:26,00:00:00:17,Unmuted,1,14259
1,1054,Heartbeat Tempo Mapped-34.L   ,00:07:57:12,00:07:57:20,00:00:00:07,Unmuted,0,14322
1,1055,Heartbeat Tempo Mapped-35.L   ,00:07:58:10,00:07:58:29,00:00:00:18,Unmuted,1,14350
1,1056,Heartbeat Tempo Mapped-36.L   ,00:08:00:18,00:08:00:26,00:00:00:07,Unmuted,0,14418
1,1057,Heartbeat Tempo Mapped-37.L   ,00:08:01:18,00:08:02:06,00:00:00:17,Unmuted,1,14448
1,1058,Heartbeat Tempo Mapped-38.L   ,00:08:03:26,00:08:04:05,00:00:00:08,Unmuted,0,14516
1,1059,Heartbeat Tempo Mapped-39.L   ,00:08:04:29,00:08:05:17,00:00:00:17,Unmuted,1,14549
1,1060,Heartbeat Tempo Mapped-40.L   ,00:08:07:09,00:08:07:17,00:00:00:08,Unmuted,0,14619
1,1062,Heartbeat Tempo Mapped-42.L   ,00:08:08:12,00:08:09:00,00:00:00:17,Unmuted,1,14652
1,1063,Heartbeat Tempo Mapped-34.L   ,00:08:10:24,00:08:11:02,00:00:00:07,Unmuted,0,14724
1,1064,Heartbeat Tempo Mapped-35.L   ,00:08:11:27,00:08:12:15,00:00:00:18,Unmuted,1,14757
1,1065,Heartbeat Tempo Mapped-36.L   ,00:08:14:14,00:08:14:22,00:00:00:07,Unmuted,0,14834
1,1066,Heartbeat Tempo Mapped-37.L   ,00:08:15:18,00:08:16:06,00:00:00:17,Unmuted,1,14868
1,1067,Heartbeat Tempo Mapped-38.L   ,00:08:18:06,00:08:18:15,00:00:00:08,Unmuted,0,14946
1,1068,Heartbeat Tempo Mapped-39.L   ,00:08:19:15,00:08:20:02,00:00:00:17,Unmuted,1,14985
1,1069,Heartbeat Tempo Mapped-40.L   ,00:08:22:05,00:08:22:13,00:00:00:08,Unmuted,0,15065
1,1071,Heartbeat Tempo Mapped-42.L   ,00:08:23:14,00:08:24:01,00:00:00:17,Unmuted,1,15104
1,1072,Heartbeat Tempo Mapped-34.L   ,00:08:26:08,00:08:26:15,00:00:00:07,Unmuted,0,15188
1,1073,Heartbeat Tempo Mapped-35.L   ,00:08:27:15,00:08:28:03,00:00:00:18,Unmuted,1,15225
1,1074,Heartbeat Tempo Mapped-36.L   ,00:08:30:15,00:08:30:23,00:00:00:07,Unmuted,0,15315
1,1075,Heartbeat Tempo Mapped-37.L   ,00:08:31:25,00:08:32:13,00:00:00:17,Unmuted,1,15355
1,1076,Heartbeat Tempo Mapped-38.L   ,00:08:34:28,00:08:35:06,00:00:00:08,Unmuted,0,15448
1,1077,Heartbeat Tempo Mapped-39.L   ,00:08:36:13,00:08:37:00,00:00:00:17,Unmuted,1,15493
1,1078,Heartbeat Tempo Mapped-40.L   ,00:08:39:17,00:08:39:26,00:00:00:08,Unmuted,0,15587
1,1080,Heartbeat Tempo Mapped-73.L   ,00:08:41:03,00:08:41:21,00:00:00:17,Unmuted,1,15633
1,1081,Heartbeat Tempo Mapped-34.L   ,00:08:44:13,00:08:44:21,00:00:00:07,Unmuted,0,15733
1,1082,Heartbeat Tempo Mapped-35.L   ,00:08:45:29,00:08:46:17,00:00:00:18,Unmuted,1,15779
1,1083,Heartbeat Tempo Mapped-36.L   ,00:08:49:17,00:08:49:25,00:00:00:07,Unmuted,0,15887
1,1084,Heartbeat Tempo Mapped-37.L   ,00:08:51:05,00:08:51:23,00:00:00:17,Unmuted,1,15935
1,1085,Heartbeat Tempo Mapped-38.L   ,00:08:54:27,00:08:55:06,00:00:00:08,Unmuted,0,16047
1,1086,Heartbeat Tempo Mapped-39.L   ,00:08:56:22,00:08:57:10,00:00:00:17,Unmuted,1,16102
1,1087,Heartbeat Tempo Mapped-40.L   ,00:09:00:18,00:09:00:26,00:00:00:08,Unmuted,0,16218
1,1089,Heartbeat Tempo Mapped-74.L   ,00:09:02:14,00:09:03:02,00:00:00:17,Unmuted,1,16274
1,1090,Heartbeat Tempo Mapped-34.L   ,00:09:06:15,00:09:06:23,00:00:00:07,Unmuted,0,16395
1,1091,Heartbeat Tempo Mapped-35.L   ,00:09:08:07,00:09:08:25,00:00:00:18,Unmuted,1,16447
1,1092,Heartbeat Tempo Mapped-36.L   ,00:09:12:04,00:09:12:11,00:00:00:07,Unmuted,0,16564
1,1093,Heartbeat Tempo Mapped-37.L   ,00:09:13:23,00:09:14:11,00:00:00:17,Unmuted,1,16613
1,1094,Heartbeat Tempo Mapped-38.L   ,00:09:17:10,00:09:17:19,00:00:00:08,Unmuted,0,16720
1,1095,Heartbeat Tempo Mapped-39.L   ,00:09:19:00,00:09:19:17,00:00:00:17,Unmuted,1,16770
1,1096,Heartbeat Tempo Mapped-40.L   ,00:09:22:09,00:09:22:17,00:00:00:08,Unmuted,0,16869
1,1098,Heartbeat Tempo Mapped-75.L   ,00:09:23:25,00:09:24:12,00:00:00:17,Unmuted,1,16915
1,1099,Heartbeat Tempo Mapped-34.L   ,00:09:26:29,00:09:27:07,00:00:00:07,Unmuted,0,17009
1,1100,Heartbeat Tempo Mapped-35.L   ,00:09:28:10,00:09:28:28,00:00:00:18,Unmuted,1,17050
1,1101,Heartbeat Tempo Mapped-36.L   ,00:09:31:12,00:09:31:20,00:00:00:07,Unmuted,0,17142
1,1102,Heartbeat Tempo Mapped-37.L   ,00:09:32:22,00:09:33:10,00:00:00:17,Unmuted,1,17182
1,1103,Heartbeat Tempo Mapped-38.L   ,00:09:35:18,00:09:35:26,00:00:00:08,Unmuted,0,17268
1,1104,Heartbeat Tempo Mapped-39.L   ,00:09:36:28,00:09:37:16,00:00:00:17,Unmuted,1,17308
1,1105,Heartbeat Tempo Mapped-40.L   ,00:09:39:19,00:09:39:27,00:00:00:08,Unmuted,0,17389
1,1107,Heartbeat Tempo Mapped-76.L   ,00:09:40:26,00:09:41:14,00:00:00:17,Unmuted,1,17426
1,1108,Heartbeat Tempo Mapped-34.L   ,00:09:43:14,00:09:43:21,00:00:00:07,Unmuted,0,17504
1,1109,Heartbeat Tempo Mapped-35.L   ,00:09:44:17,00:09:45:05,00:00:00:18,Unmuted,1,17537
1,1110,Heartbeat Tempo Mapped-36.L   ,00:09:47:04,00:09:47:12,00:00:00:07,Unmuted,0,17614
1,1111,Heartbeat Tempo Mapped-37.L   ,00:09:48:06,00:09:48:24,00:00:00:17,Unmuted,1,17646
1,1112,Heartbeat Tempo Mapped-38.L   ,00:09:50:18,00:09:50:27,00:00:00:08,Unmuted,0,17718
1,1113,Heartbeat Tempo Mapped-39.L   ,00:09:51:22,00:09:52:10,00:00:00:17,Unmuted,1,17752
1,1114,Heartbeat Tempo Mapped-40.L   ,00:09:54:00,00:09:54:08,00:00:00:08,Unmuted,0,17820
1,1116,Heartbeat Tempo Mapped-77.L   ,00:09:55:01,00:09:55:19,00:00:00:17,Unmuted,1,17851
1,1117,Heartbeat Tempo Mapped-34.L   ,00:09:57:07,00:09:57:15,00:00:00:07,Unmuted,0,17917
1,1118,Heartbeat Tempo Mapped-35.L   ,00:09:58:06,00:09:58:24,00:00:00:18,Unmuted,1,17946
1,1119,Heartbeat Tempo Mapped-36.L   ,00:10:00:11,00:10:00:19,00:00:00:07,Unmuted,0,18011
1,1120,Heartbeat Tempo Mapped-37.L   ,00:10:01:09,00:10:01:27,00:00:00:17,Unmuted,1,18039
1,1121,Heartbeat Tempo Mapped-38.L   ,00:10:03:11,00:10:03:20,00:00:00:08,Unmuted,0,18101
1,1122,Heartbeat Tempo Mapped-39.L   ,00:10:04:10,00:10:04:28,00:00:00:17,Unmuted,1,18130
1,1123,Heartbeat Tempo Mapped-40.L   ,00:10:06:09,00:10:06:17,00:00:00:08,Unmuted,0,18189
1,1125,Heartbeat Tempo Mapped-78.L   ,00:10:07:06,00:10:07:24,00:00:00:17,Unmuted,1,18216
1,1126,Heartbeat Tempo Mapped-34.L   ,00:10:09:03,00:10:09:11,00:00:00:07,Unmuted,0,18273
1,1127,Heartbeat Tempo Mapped-35.L   ,00:10:09:28,00:10:10:16,00:00:00:18,Unmuted,1,18298
1,1128,Heartbeat Tempo Mapped-36.L   ,00:10:11:25,00:10:12:03,00:00:00:07,Unmuted,0,18355
1,1129,Heartbeat Tempo Mapped-37.L   ,00:10:12:19,00:10:13:07,00:00:00:17,Unmuted,1,18379
1,1130,Heartbeat Tempo Mapped-38.L   ,00:10:14:14,00:10:14:22,00:00:00:08,Unmuted,0,18434
1,1131,Heartbeat Tempo Mapped-39.L   ,00:10:15:09,00:10:15:27,00:00:00:17,Unmuted,1,18459
1,1132,Heartbeat Tempo Mapped-40.L   ,00:10:17:01,00:10:17:09,00:00:00:08,Unmuted,0,18511
1,1134,Heartbeat Tempo Mapped-42.L   ,00:10:17:25,00:10:18:12,00:00:00:17,Unmuted,1,18535
1,1135,Heartbeat Tempo Mapped-34.L   ,00:10:19:15,00:10:19:23,00:00:00:07,Unmuted,0,18585
1,1136,Heartbeat Tempo Mapped-35.L   ,00:10:20:07,00:10:20:25,00:00:00:18,Unmuted,1,18607
1,1137,Heartbeat Tempo Mapped-36.L   ,00:10:21:28,00:10:22:06,00:00:00:07,Unmuted,0,18658
1,1138,Heartbeat Tempo Mapped-37.L   ,00:10:22:19,00:10:23:07,00:00:00:17,Unmuted,1,18679
1,1139,Heartbeat Tempo Mapped-38.L   ,00:10:24:08,00:10:24:16,00:00:00:08,Unmuted,0,18728
1,1140,Heartbeat Tempo Mapped-39.L   ,00:10:25:00,00:10:25:18,00:00:00:17,Unmuted,1,18750
1,1141,Heartbeat Tempo Mapped-40.L   ,00:10:26:16,00:10:26:25,00:00:00:08,Unmuted,0,18796
1,1143,Heartbeat Tempo Mapped-42.L   ,00:10:27:08,00:10:27:26,00:00:00:17,Unmuted,1,18818
1,1144,Heartbeat Tempo Mapped-34.L   ,00:10:28:23,00:10:29:01,00:00:00:07,Unmuted,0,18863
1,1145,Heartbeat Tempo Mapped-35.L   ,00:10:29:13,00:10:30:01,00:00:00:18,Unmuted,1,18883
1,1146,Heartbeat Tempo Mapped-36.L   ,00:10:30:28,00:10:31:06,00:00:00:07,Unmuted,0,18928
1,1147,Heartbeat Tempo Mapped-37.L   ,00:10:31:18,00:10:32:06,00:00:00:17,Unmuted,1,18948
1,1148,Heartbeat Tempo Mapped-38.L   ,00:10:33:01,00:10:33:10,00:00:00:08,Unmuted,0,18991
1,1149,Heartbeat Tempo Mapped-39.L   ,00:10:33:22,00:10:34:09,00:00:00:17,Unmuted,1,19012
1,1150,Heartbeat Tempo Mapped-40.L   ,00:10:35:03,00:10:35:11,00:00:00:08,Unmuted,0,19053
1,1152,Heartbeat Tempo Mapped-42.L   ,00:10:35:23,00:10:36:10,00:00:00:17,Unmuted,1,19073
1,1153,Heartbeat Tempo Mapped-34.L   ,00:10:37:04,00:10:37:11,00:00:00:07,Unmuted,0,19114
1,1154,Heartbeat Tempo Mapped-35.L   ,00:10:37:21,00:10:38:10,00:00:00:18,Unmuted,1,19131
1,1155,Heartbeat Tempo Mapped-36.L   ,00:10:39:03,00:10:39:11,00:00:00:07,Unmuted,0,19173
1,1156,Heartbeat Tempo Mapped-37.L   ,00:10:39:20,00:10:40:08,00:00:00:17,Unmuted,1,19190
1,1157,Heartbeat Tempo Mapped-38.L   ,00:10:41:00,00:10:41:08,00:00:00:08,Unmuted,0,19230
1,1158,Heartbeat Tempo Mapped-39.L   ,00:10:41:19,00:10:42:06,00:00:00:17,Unmuted,1,19249
1,1159,Heartbeat Tempo Mapped-40.L   ,00:10:42:26,00:10:43:05,00:00:00:08,Unmuted,0,19286
1,1161,Heartbeat Tempo Mapped-42.L   ,00:10:43:14,00:10:44:02,00:00:00:17,Unmuted,1,19304
1,1162,Heartbeat Tempo Mapped-34.L   ,00:10:44:22,00:10:44:29,00:00:00:07,Unmuted,0,19342
1,1163,Heartbeat Tempo Mapped-35.L   ,00:10:45:08,00:10:45:26,00:00:00:18,Unmuted,1,19358
1,1164,Heartbeat Tempo Mapped-36.L   ,00:10:46:16,00:10:46:24,00:00:00:07,Unmuted,0,19396
1,1165,Heartbeat Tempo Mapped-37.L   ,00:10:47:02,00:10:47:20,00:00:00:17,Unmuted,1,19412
1,1166,Heartbeat Tempo Mapped-38.L   ,00:10:48:08,00:10:48:17,00:00:00:08,Unmuted,0,19448
1,1167,Heartbeat Tempo Mapped-39.L   ,00:10:48:25,00:10:49:13,00:00:00:17,Unmuted,1,19465
1,1168,Heartbeat Tempo Mapped-40.L   ,00:10:50:00,00:10:50:08,00:00:00:08,Unmuted,0,19500
1,1170,Heartbeat Tempo Mapped-42.L   ,00:10:50:17,00:10:51:04,00:00:00:17,Unmuted,1,19517
1,1171,Heartbeat Tempo Mapped-34.L   ,00:10:51:21,00:10:51:29,00:00:00:07,Unmuted,0,19551
1,1172,Heartbeat Tempo Mapped-35.L   ,00:10:52:06,00:10:52:24,00:00:00:18,Unmuted,1,19566
1,1173,Heartbeat Tempo Mapped-36.L   ,00:10:53:11,00:10:53:19,00:00:00:07,Unmuted,0,19601
1,1174,Heartbeat Tempo Mapped-37.L   ,00:10:53:26,00:10:54:14,00:00:00:17,Unmuted,1,19616
1,1175,Heartbeat Tempo Mapped-38.L   ,00:10:54:29,00:10:55:08,00:00:00:08,Unmuted,0,19649
1,1176,Heartbeat Tempo Mapped-39.L   ,00:10:55:15,00:10:56:03,00:00:00:17,Unmuted,1,19665
1,1177,Heartbeat Tempo Mapped-40.L   ,00:10:56:17,00:10:56:25,00:00:00:08,Unmuted,0,19697
1,1179,Heartbeat Tempo Mapped-42.L   ,00:10:57:02,00:10:57:20,00:00:00:17,Unmuted,1,19712
1,1180,Heartbeat Tempo Mapped-34.L   ,00:10:58:04,00:10:58:12,00:00:00:07,Unmuted,0,19744
1,1181,Heartbeat Tempo Mapped-35.L   ,00:10:58:18,00:10:59:06,00:00:00:18,Unmuted,1,19758
1,1182,Heartbeat Tempo Mapped-36.L   ,00:10:59:20,00:10:59:28,00:00:00:07,Unmuted,0,19790
1,1183,Heartbeat Tempo Mapped-37.L   ,00:11:00:04,00:11:00:22,00:00:00:17,Unmuted,1,19804
1,1184,Heartbeat Tempo Mapped-38.L   ,00:11:01:05,00:11:01:14,00:00:00:08,Unmuted,0,19835
1,1185,Heartbeat Tempo Mapped-39.L   ,00:11:01:20,00:11:02:08,00:00:00:17,Unmuted,1,19850
1,1186,Heartbeat Tempo Mapped-40.L   ,00:11:02:20,00:11:02:28,00:00:00:08,Unmuted,0,19880
1,1188,Heartbeat Tempo Mapped-42.L   ,00:11:03:04,00:11:03:22,00:00:00:17,Unmuted,1,19894
1,1189,Heartbeat Tempo Mapped-34.L   ,00:11:04:04,00:11:04:12,00:00:00:07,Unmuted,0,19924
1,1190,Heartbeat Tempo Mapped-35.L   ,00:11:04:17,00:11:05:05,00:00:00:18,Unmuted,1,19937
1,1191,Heartbeat Tempo Mapped-36.L   ,00:11:05:17,00:11:05:25,00:00:00:07,Unmuted,0,19967
1,1192,Heartbeat Tempo Mapped-37.L   ,00:11:06:00,00:11:06:18,00:00:00:17,Unmuted,1,19980
1,1193,Heartbeat Tempo Mapped-38.L   ,00:11:06:29,00:11:07:08,00:00:00:08,Unmuted,0,20009
1,1194,Heartbeat Tempo Mapped-39.L   ,00:11:07:13,00:11:08:00,00:00:00:17,Unmuted,1,20023
1,1195,Heartbeat Tempo Mapped-40.L   ,00:11:08:11,00:11:08:19,00:00:00:08,Unmuted,0,20051
1,1197,Heartbeat Tempo Mapped-42.L   ,00:11:08:24,00:11:09:12,00:00:00:17,Unmuted,1,20064
1,1198,Heartbeat Tempo Mapped-34.L   ,00:11:09:22,00:11:10:00,00:00:00:07,Unmuted,0,20092
1,1199,Heartbeat Tempo Mapped-35.L   ,00:11:10:04,00:11:10:22,00:00:00:18,Unmuted,1,20104
1,1200,Heartbeat Tempo Mapped-36.L   ,00:11:11:02,00:11:11:10,00:00:00:07,Unmuted,0,20132
1,1201,Heartbeat Tempo Mapped-37.L   ,00:11:11:14,00:11:12:02,00:00:00:17,Unmuted,1,20144
1,1202,Heartbeat Tempo Mapped-38.L   ,00:11:12:11,00:11:12:20,00:00:00:08,Unmuted,0,20171
1,1203,Heartbeat Tempo Mapped-39.L   ,00:11:12:24,00:11:13:12,00:00:00:17,Unmuted,1,20184
1,1204,Heartbeat Tempo Mapped-40.L   ,00:11:13:21,00:11:13:29,00:00:00:08,Unmuted,0,20211
1,1206,Heartbeat Tempo Mapped-42.L   ,00:11:14:03,00:11:14:21,00:00:00:17,Unmuted,1,20223
1,1207,Heartbeat Tempo Mapped-34.L   ,00:11:14:29,00:11:15:07,00:00:00:07,Unmuted,0,20249
1,1208,Heartbeat Tempo Mapped-35.L   ,00:11:15:11,00:11:15:29,00:00:00:18,Unmuted,1,20261
1,1209,Heartbeat Tempo Mapped-36.L   ,00:11:16:07,00:11:16:15,00:00:00:07,Unmuted,0,20287
1,1210,Heartbeat Tempo Mapped-37.L   ,00:11:16:19,00:11:17:07,00:00:00:17,Unmuted,1,20299
1,1211,Heartbeat Tempo Mapped-38.L   ,00:11:17:14,00:11:17:23,00:00:00:08,Unmuted,0,20324
1,1212,Heartbeat Tempo Mapped-39.L   ,00:11:17:26,00:11:18:14,00:00:00:17,Unmuted,1,20336
1,1213,Heartbeat Tempo Mapped-40.L   ,00:11:18:21,00:11:18:29,00:00:00:08,Unmuted,0,20361
1,1215,Heartbeat Tempo Mapped-42.L   ,00:11:19:03,00:11:19:20,00:00:00:17,Unmuted,1,20373
1,1216,Heartbeat Tempo Mapped-34.L   ,00:11:19:27,00:11:20:05,00:00:00:07,Unmuted,0,20397
1,1217,Heartbeat Tempo Mapped-79.L   ,00:11:20:08,00:11:20:26,00:00:00:18,Unmuted,1,20408
1,1218,Heartbeat Tempo Mapped-36.L   ,00:11:21:03,00:11:21:11,00:00:00:07,Unmuted,0,20433
1,1219,Heartbeat Tempo Mapped-80.L   ,00:11:21:14,00:11:22:02,00:00:00:18,Unmuted,1,20444
1,1220,Heartbeat Tempo Mapped-81.L   ,00:11:22:08,00:11:22:17,00:00:00:08,Unmuted,0,20468
1,1221,Heartbeat Tempo Mapped-82.L   ,00:11:22:20,00:11:23:07,00:00:00:17,Unmuted,1,20480
1,1222,Heartbeat Tempo Mapped-90.L   ,00:11:23:13,00:11:23:21,00:00:00:08,Unmuted,0,20503
1,1224,Heartbeat Tempo Mapped-42.L   ,00:11:23:24,00:11:24:12,00:00:00:17,Unmuted,1,20514
1,1225,Heartbeat Tempo Mapped-34.L   ,00:11:24:18,00:11:24:25,00:00:00:07,Unmuted,0,20538
1,1226,Heartbeat Tempo Mapped-35.L   ,00:11:24:28,00:11:25:16,00:00:00:18,Unmuted,1,20548
1,1227,Heartbeat Tempo Mapped-36.L   ,00:11:25:21,00:11:25:29,00:00:00:07,Unmuted,0,20571
1,1228,Heartbeat Tempo Mapped-37.L   ,00:11:26:02,00:11:26:20,00:00:00:17,Unmuted,1,20582
1,1229,Heartbeat Tempo Mapped-38.L   ,00:11:26:25,00:11:27:03,00:00:00:08,Unmuted,0,20605
1,1230,Heartbeat Tempo Mapped-39.L   ,00:11:27:06,00:11:27:23,00:00:00:17,Unmuted,1,20616
1,1231,Heartbeat Tempo Mapped-84.L   ,00:11:27:28,00:11:28:06,00:00:00:08,Unmuted,0,20638
1,1233,Heartbeat Tempo Mapped-42.L   ,00:11:28:08,00:11:28:26,00:00:00:17,Unmuted,1,20648
1,1234,Heartbeat Tempo Mapped-34.L   ,00:11:29:00,00:11:29:08,00:00:00:07,Unmuted,0,20670
1,1235,Heartbeat Tempo Mapped-35.L   ,00:11:29:10,00:11:29:28,00:00:00:18,Unmuted,1,20680
1,1236,Heartbeat Tempo Mapped-36.L   ,00:11:30:03,00:11:30:10,00:00:00:07,Unmuted,0,20703
